1524883627.743206,0,1,198.49226427050084,8.49226427050084,11.44148496259902,1040.529932224321,108.89060038673574,-0.09729387306954755,0.0009988433737153635,0.22648260625634678,0.012657128156111641,1105.487624867102,0.003386645165411636,0.016858771440972222,-0.09729879337555304,-0.18197550778388977,-0.18197550778388977,-0.17245980737686156
1524883627.801784,0,1,190.25607676542697,0.2560767654269682,8.236187505073872,1029.3059415434561,11.223990680864972,-0.09733303971103088,0.0009596767322320315,-0.03388690809114362,0.000253879145687419,1079.7848982503572,0.003409761658509988,0.01685415079250558,-0.09737701134521996,-0.1628460069656372,-0.1628460069656372,-0.1628460069656372
1524883627.833494,0,1,240.50500049223626,50.50500049223626,50.248923726809295,1120.5381333714668,91.23219182801063,-0.09730383080770287,0.000988885635560044,-0.05346558050729335,0.0006114377527121073,1078.2284943587035,0.0034078297411003905,0.016790021725455687,-0.09720127484327393,-0.18197550778388977,-0.18197550778388977,-0.18197550778388977
1524883627.856533,0,1,178.2999790988406,11.700020901159405,62.20502139339567,1040.3737692147793,80.1643641566875,-0.09720127484327393,0.0010914415999889876,-0.026884364970146565,0.00014898822517428467,1081.6938545463943,0.0034180959374779762,0.01678992165243728,-0.09717194934950167,-0.1149732049179077,-0.1149732049179077,-0.1149732049179077
1524883627.880622,0,1,232.14604470694925,42.146044706949255,53.84606560810866,1005.3445268666552,35.02924234812406,-0.09715239901661238,0.0011403174266505361,-0.13456516575654154,0.00372097576397401,1073.9400273276715,0.0035307416195774783,0.016794758276096142,-0.09715726947215321,-0.15333030655860902,-0.15333030655860902,-0.15333030655860902
1524883627.905868,0,1,228.7072807142545,38.707280714254495,3.43876399269476,1138.22356562867,132.87903876201483,-0.09715726947215321,0.0011354469711097048,-0.04464620924605078,0.00039641255068345593,1083.1915937932101,0.0035637181123029443,0.016795018235557724,-0.09723058351003092,-0.1341027057361603,-0.1341027057361603,-0.1341027057361603
1524883627.928552,0,1,201.14976363240646,11.149763632406462,27.557517081848033,1153.23326480143,15.009699172760065,-0.09723058351003092,0.001062132933231999,-0.013333200108921082,3.5488667643468474e-05,1085.6349057540283,0.0036078626822351203,0.016765661838815664,-0.09722091350497807,-0.1341027057361603,-0.15333030655860902,-0.15333030655860902
1524883627.951382,0,1,236.83027702632515,46.83027702632515,35.68051339391869,1068.0447041756715,85.18856062575856,-0.09722091350497807,0.0010718029382848493,-0.024982546897516233,0.00011834829035839434,1085.5254389437794,0.003585644909750399,0.01677515308423309,-0.09714267694235901,-0.12458700532913207,-0.12458700532913207,-0.12458700532913207
1524883627.972689,0,1,220.61350516057448,30.613505160574476,16.216771865750673,1157.4460502015156,89.40134602584408,-0.0970887903420346,0.0012039261012283115,-0.035423703232596346,0.00023790922709776563,1086.861348512671,0.0035565701623445785,0.016814002194565518,-0.0970887903420346,-0.1341027057361603,-0.1341027057361603,-0.1341027057361603
1524883627.997719,0,1,185.1761064437179,4.823893556282087,35.43739871685656,1160.980511052895,3.5344608513794356,-0.09707411014286506,0.0012186063003978564,-0.13767606756658918,0.0035506222990351333,1080.1836774792152,0.0035473707947515118,0.01680410690286887,-0.097039931780622,-0.1628460069656372,-0.1628460069656372,-0.1628460069656372
1524883628.02138,0,1,197.9293676084201,7.929367608420108,12.753261164702195,952.180632584832,208.79987846806307,-0.097039931780622,0.0012527846626409211,-0.09499983484904284,0.0017283812974893118,1080.2631009891695,0.00349817378488639,0.016818836440225547,-0.09705943045698515,-0.1149732049179077,-0.1149732049179077,-0.1149732049179077
1524883628.045404,0,1,193.1093166734272,3.1093166734272017,4.820050934992906,1148.7562806778712,196.57564809303926,-0.09705951594534953,0.001233200497913381,-0.017893998655949855,6.0873799877736445e-05,1085.4784230349792,0.0035184583604171123,0.016789360792382475,-0.09701554485888315,-0.14371650614738465,-0.14371650614738465,-0.14371650614738465
1524883628.070888,0,1,196.238445256321,6.238445256321,3.1291285828937987,1011.0281876685625,137.72809300930874,-0.09701554485888315,0.0012771715843797604,-0.07158286304568046,0.0009439753844726617,1082.3362726592322,0.003528560428942828,0.016789291916066214,-0.09699599453159627,-0.12458700532913207,-0.12458700532913207,-0.12458700532913207
1524883628.096621,0,1,209.65796259957008,19.657962599570084,13.419517343249083,1131.2079226565054,120.17973498794288,-0.09703499193357014,0.0012577245096927758,-0.08028760418138499,0.0011778268254551971,1078.949234024419,0.003527740213110079,0.01680901154318969,-0.09704480150959746,-0.1341027057361603,-0.1341027057361603,-0.1341027057361603
1524883628.119802,0,1,195.98972292264975,5.989722922649747,13.668239676920336,963.3223826776936,167.88553997881183,-0.09704480150959746,0.0012479149336654533,0.007960504026628734,1.1740753850242315e-05,1082.6004536904632,0.003586300285650425,0.016794368252181228,-0.09704974124688384,-0.15333030655860902,-0.1341027057361603,-0.1341027057361603
1524883628.144412,0,1,174.1799159247349,15.8200840752651,21.809806997914848,1094.6719001610306,131.34951748333708,-0.09704974124688384,0.001242975196379073,-0.10244518658131456,0.001898432737725608,1073.181562072446,0.0035810857870310076,0.016799272788834124,-0.09705461118059094,-0.1149732049179077,-0.1149732049179077,-0.1149732049179077
1524883628.168712,0,1,271.50381647701766,81.50381647701766,97.32390055228277,1004.4401582685496,90.23174189248107,-0.09706923865231215,0.0012234777909507638,-0.09417513633967703,0.0016024312817229938,1074.876058831853,0.003518049456078471,0.01681876916851043,-0.09703987847393508,-0.14371650614738465,-0.14371650614738465,-0.14371650614738465
1524883628.192435,0,1,238.87329513109668,48.87329513109668,32.63052134592098,1100.6017888636936,96.16163059514406,-0.09703987847393508,0.001252837969327833,0.004096254095063705,3.074518032830653e-06,1080.3995085785284,0.0035127531433970217,0.016853063310016937,-0.09706419612440509,-0.1628460069656372,-0.1628460069656372,-0.19158930819511413
1524883628.216481,0,1,211.36512956243686,21.365129562436863,27.50816556865982,1126.1923299162763,25.590541052582694,-0.09706419612440509,0.0012285203188578259,0.0320975196965955,0.00019004246204412656,1083.927282222625,0.003498009213343423,0.01683841972606555,-0.09706424752378506,-0.12458700532913207,-0.12458700532913207,-0.12458700532913207
1524883628.241121,0,1,207.50343923575136,17.503439235751358,3.8616903266855047,1025.8453012714208,100.34702864485553,-0.09706913510886979,0.0012235813343931257,-0.11231242895805323,0.002323376629869478,1073.339367450293,0.003527412728358831,0.016833515669037152,-0.09706426469442042,-0.12458700532913207,-0.12458700532913207,-0.12458700532913207
1524883628.266143,0,1,192.42475408249894,2.4247540824989358,15.078685153252422,992.4348484848484,33.410452786572364,-0.09706426469442042,0.0012284517488424934,-0.20062284071047903,0.007571391991321842,1062.725458163114,0.0034583373382453767,0.016818991165970805,-0.09710341695272101,-0.1628460069656372,-0.1628460069656372,-0.1628460069656372
1524883628.291324,0,1,191.16576067694484,1.165760676944842,1.2589934055540937,961.5179910311008,30.91685745374764,-0.09710341695272101,0.0011892994905419035,-0.32370027183956607,0.01971163402080256,1054.7918057612803,0.00345891310663701,0.01682375974554499,-0.0970691869583781,-0.1628460069656372,-0.1628460069656372,-0.1628460069656372
1524883628.315376,0,1,213.87096990650855,23.87096990650855,22.705209229563707,1041.6819749911856,80.1639839600848,-0.09703977638639694,0.0012529400568659782,-0.4535924044255637,0.038451205397320276,1043.3746613281885,0.003493534334156883,0.016848109221707416,-0.09704466397265639,-0.1628460069656372,-0.1628460069656372,-0.1628460069656372
1524883628.335018,0,1,199.86322058675492,9.86322058675492,14.007749319753628,1076.7994808634746,35.11750587228903,-0.09704466397265639,0.0012480524706065255,-0.357076216863065,0.024083978781319848,1052.1427171199578,0.003449470508039687,0.0168627868687344,-0.09704950065868553,-0.1149732049179077,-0.1149732049179077,-0.1149732049179077
1524883628.361369,0,1,156.95951950414727,33.040480495852734,42.903701082607654,1152.8057106646995,76.00622980122489,-0.09704950065868553,0.0012432157845773811,-0.30489698221228756,0.017283154363871733,1058.8415387072005,0.0034254479691646074,0.01686270287594584,-0.09702506271813784,-0.1341027057361603,-0.1341027057361603,-0.14371650614738465
1524883628.384876,0,1,218.4191794685121,28.419179468512112,61.459659964364846,1144.3976904614353,8.408020203264186,-0.09702506271813784,0.0012676537251250786,-0.29772819101442466,0.0162136347351709,1060.8017043715397,0.0034252016070343643,0.01688718733986882,-0.09703964214108984,-0.14371650614738465,-0.14371650614738465,-0.14371650614738465
1524883628.407931,0,1,230.76686045309387,40.76686045309387,12.347680984581757,1108.2560352346065,36.14165522682879,-0.09703964214108984,0.0012530743021730711,-0.31906082182987133,0.018744117841410612,1059.24707481855,0.0034494711572912095,0.016887220935944063,-0.09704941732338215,-0.17245980737686156,-0.1628460069656372,-0.1628460069656372
1524883628.432596,0,1,230.90028268555238,40.900282685552384,0.13342223245851415,1057.57251196775,50.68352326685658,-0.09704941732338215,0.0012432991198807614,-0.3496009449511688,0.02259181820989375,1056.7138438730983,0.003513661411109694,0.016887084823021935,-0.09701031660845386,-0.10535940450668335,-0.10535940450668335,-0.10535940450668335
1524883628.454986,0,1,261.59964236080737,71.59964236080737,30.699359675254982,1117.9828223322481,60.41031036449817,-0.0970152041953643,0.0012775122478986128,-0.23681830258951828,0.010261002361029226,1062.930503564598,0.003587047119110851,0.016877293380418493,-0.0970152041953643,-0.1628460069656372,-0.1628460069656372,-0.1628460069656372
1524883628.478912,0,1,179.63920093774493,10.360799062255069,81.96044142306243,1066.4660528788318,51.51676945341637,-0.09700546398753337,0.00128725245572954,-0.15572995640158815,0.004474503110485695,1067.9426923320393,0.0036557128367044837,0.016896787850789848,-0.09699073042436056,-0.12458700532913207,-0.12458700532913207,-0.12458700532913207
1524883628.502578,0,1,178.97530915606308,11.024690843936924,0.6638917816818548,1032.7237827007211,33.74227017811063,-0.09696140490212654,0.0013313115411363735,-0.1400836836627886,0.003616022268325137,1065.3891945630812,0.003636828418591684,0.016935739638145212,-0.09695148666840596,-0.1341027057361603,-0.1341027057361603,-0.1341027057361603
1524883628.524366,0,1,172.71156025894922,17.28843974105078,6.263748897113857,1014.932674793673,17.791107907048172,-0.09695148666840596,0.0013412297748569557,-0.22832344428167264,0.009712084569445834,1058.945420908696,0.00362713640766419,0.01692106121960555,-0.09694665233294321,-0.22033260942459107,-0.22033260942459107,-0.22033260942459107
1524883628.54505,0,1,183.40164782666704,6.598352173332955,10.690087567717825,995.2745746149973,19.65810017867568,-0.09694665233294321,0.0013460641103197057,-0.23471004030837753,0.010052213231686813,1056.7636848805291,0.0036172798620459717,0.016921078921040306,-0.09695153992410732,-0.1628460069656372,-0.1628460069656372,-0.1628460069656372
1524883628.571508,0,1,254.32276325023076,64.32276325023076,70.92111542356372,1071.3386333589324,76.0640587439351,-0.09695153992410732,0.001341176519155593,-0.2725229794959035,0.013415604895938071,1053.0338644667875,0.003544059961733356,0.016940608987142204,-0.09694658232890886,-0.10535940450668335,-0.10535940450668335,-0.10535940450668335
1524883628.593718,0,1,201.47675280817168,11.476752808171682,52.84601044205908,1101.2058546041446,29.86722124521225,-0.09694658232890886,0.0013461341143540528,-0.1699833214234545,0.005369671706726198,1058.301518173009,0.003538926460280597,0.016974869136529767,-0.09696112393958788,-0.12458700532913207,-0.12458700532913207,-0.12458700532913207
1524883628.616585,0,1,185.37506236867443,4.624937631325565,16.101690439497247,1032.565245038936,68.6406095652087,-0.09695623634400849,0.0013364800992544251,-0.16652184087730157,0.005147498662416927,1057.2787918365507,0.0034998307933232805,0.016969982147967216,-0.09696114114235538,-0.18197550778388977,-0.18197550778388977,-0.18197550778388977
1524883628.639495,0,1,243.56629256222803,53.56629256222803,58.191230193553594,1099.1548056040554,66.58956056511943,-0.09696114114235538,0.0013315753009075365,-0.11728127788552187,0.0025050698238602287,1061.8161634397782,0.0034808610632654094,0.016935654499899467,-0.09692704739454291,-0.15333030655860902,-0.15333030655860902,-0.15333030655860902
1524883628.664787,0,1,207.59573856402278,17.59573856402278,35.97055399820525,1105.5583596860192,6.403554081963875,-0.09688801544633097,0.0014047009969319485,-0.060156634549991324,0.0006394715110322746,1065.4551289720978,0.0035559819990967773,0.01690595237658855,-0.09688801544633097,-0.12458700532913207,-0.12458700532913207,-0.12458700532913207
1524883628.689539,0,1,229.6407630470757,39.640763047075694,22.045024483052913,1069.2705755731488,36.28778411287044,-0.09681962393309493,0.0014730925101679865,0.009552921324908736,1.6439388173417058e-05,1067.5118512587474,0.0035859645372023543,0.01690581276821908,-0.09678052320737596,-0.14371650614738465,-0.14371650614738465,-0.14371650614738465
1524883628.715101,0,1,194.5171070553981,4.5171070553981,35.123655991677595,1027.9949187651025,41.27565680804628,-0.09678052320737596,0.0015121932358869578,-0.09642755400038337,0.0016125808897166083,1058.1174297942139,0.0036002948037047637,0.016905883005491697,-0.09680007356429746,-0.1628460069656372,-0.1628460069656372,-0.1628460069656372
1524883628.73957,0,1,213.08935308860217,23.089353088602167,18.572246033204067,923.9499697003188,104.04494906478374,-0.09676097285101179,0.0015317435922511252,-0.18761527598899821,0.006031922736667194,1050.196063831082,0.0034984957038505975,0.01690570921575687,-0.09675119767331175,-0.17245980737686156,-0.17245980737686156,-0.17245980737686156
1524883628.7629,0,1,150.3660383102016,39.63396168979841,62.72331477840058,1063.819600612968,139.8696309126493,-0.09675119767331175,0.001541518769951164,-0.2296001219769188,0.009305155962841982,1047.2093071452127,0.0034447407103605477,0.01692525678676197,-0.09675112980159477,-0.1628460069656372,-0.06710040287017822,-0.06710040287017822
1524883628.806833,0,1,273.02010070653404,83.02010070653404,122.65406239633245,1012.2790412141738,51.540559398794244,-0.09675112980159477,0.0015415866416681467,-0.4236558296423688,0.03198883323364987,1032.428373831764,0.003459237173509061,0.016935081005403765,-0.09676575896275919,-0.18197550778388977,-0.18197550778388977,-0.18197550778388977
1524883628.832482,0,1,252.89223488192184,62.89223488192184,20.1278658246122,977.3947049198828,34.884336294291074,-0.09676083767325369,0.0015318787700092235,-0.4161935116039474,0.03103274497287622,1032.5660313803767,0.0034491349354109887,0.0170035481592776,-0.09678018545988239,-0.1628460069656372,-0.1628460069656372,-0.1628460069656372
1524883628.8567,0,1,218.04118633518317,28.04118633518317,34.85104854673867,1171.2336198872915,193.83891496740875,-0.09678018545988239,0.0015125309833805278,-0.29760611685555,0.01613141958326314,1042.9514300732249,0.003438779571688435,0.017008552866012504,-0.09681438183569982,-0.1341027057361603,-0.1341027057361603,-0.1341027057361603
1524883628.880747,0,1,225.85772439743434,35.85772439743434,7.816538062251169,1134.182725808813,37.05089407847845,-0.09681438183569982,0.0014783346075630949,-0.2386870847538379,0.010330665335818057,1050.3340769562199,0.003459156310616322,0.0169839488279832,-0.09676559057720553,-0.15333030655860902,-0.15333030655860902,-0.15333030655860902
1524883628.903566,0,1,181.35925872888893,8.640741271111068,44.49846566854541,1178.0010682167492,43.81834240793614,-0.09676559057720553,0.0015271258660573828,-0.04534614744308982,0.00038189736794680407,1064.1458556241319,0.003429586269181956,0.016993773107079325,-0.09678021969651812,-0.18197550778388977,-0.18197550778388977,-0.10535940450668335
1524883628.926754,0,1,185.46819390655006,4.531806093449944,4.108935177661124,1119.8102811240685,58.190787092680694,-0.09678021969651812,0.001512496746744793,-0.044038525855217614,0.00036053005841263364,1062.6027525333682,0.003337643984712534,0.016969338636735158,-0.09678030267306428,-0.15333030655860902,-0.15333030655860902,-0.15333030655860902
1524883628.948165,0,1,230.75445127593397,40.754451275933974,45.28625736938392,1100.1210639675753,19.689217156493214,-0.09672660456998428,0.0015661118732786389,-0.0023247997185399257,1.016659719410562e-06,1068.1845787541095,0.003313787449431051,0.016925062759569114,-0.09669247266989768,-0.19158930819511413,-0.19158930819511413,-0.19158930819511413
1524883628.974527,0,1,238.2290267231458,48.22902672314581,7.4745754472118335,1131.277800712205,31.156736744629598,-0.09669247266989768,0.0016002437733652342,0.10768042499815662,0.0022586296511366566,1073.6784656390423,0.003299125595659372,0.016905515185772102,-0.09669253731258104,-0.1628460069656372,-0.1628460069656372,-0.1628460069656372
1524883628.999291,0,1,203.71654381875882,13.716543818758822,34.512482904386985,1075.5472586547019,55.730542057503044,-0.09664374200584046,0.0016489744374224569,0.02087953393043319,8.528548424013849e-05,1065.0941233980184,0.0033431894681889567,0.016876178653038303,-0.09668774656342746,-0.1341027057361603,-0.1341027057361603,-0.1341027057361603
1524883629.020961,0,1,190.37260636826952,0.37260636826951554,13.343937450489307,930.0012018920725,145.5460567626294,-0.09668774656342746,0.0016049698798354523,-0.09748687409784973,0.0018456559854975743,1054.2808565431997,0.003318754308202787,0.016866404863187752,-0.09668777912441422,-0.14371650614738465,-0.1628460069656372,-0.1628460069656372
1524883629.046076,0,1,208.58301092873955,18.583010928739554,18.21040456047004,1024.0564710384729,94.0552691464004,-0.09668777912441422,0.0016049373188486982,-0.042668422382110605,0.0003639743526138161,1057.059329865119,0.0033533742432082935,0.016856549561049268,-0.09666337379585715,-0.1628460069656372,-0.1628460069656372,-0.1628460069656372
1524883629.068692,0,1,185.15428012236632,4.845719877633684,23.42873080637324,1043.6285895185658,19.572118480092968,-0.0966340813597437,0.001658635083519211,-0.06932329134633919,0.0009756040234134566,1055.5822709630365,0.003417645155123523,0.016851513299800322,-0.09661940189214066,-0.14371650614738465,-0.14371650614738465,-0.14371650614738465
1524883629.092789,0,1,227.92729686915052,37.927296869150524,42.77301674678421,1043.8509905236378,0.22240100507201532,-0.09661940189214066,0.0016733145511222541,-0.023393249997165362,0.00011216622961729426,1059.8543913096269,0.0034477894729579676,0.016841571759565806,-0.09657055957737443,-0.15333030655860902,-0.15333030655860902,-0.15333030655860902
1524883629.116792,0,1,203.54549747152956,13.545497471529558,24.381799397620966,1192.4987802573894,148.64778973375155,-0.09657055957737443,0.0017221568658884884,0.03746839693450225,0.0002819372290154831,1065.3025522058306,0.003459289146839897,0.016816782882191395,-0.09646800472130476,-0.1149732049179077,-0.1149732049179077,-0.1149732049179077
1524883629.157019,0,1,216.6372360781871,26.6372360781871,13.091738606657543,1072.062839304047,120.43594095334242,-0.09644366818650807,0.0018490482567548455,-0.03342607746136242,0.00022602959838469164,1061.372080462833,0.003454811110177164,0.016787377053543946,-0.09644366818650807,-0.10535940450668335,-0.10535940450668335,-0.10535940450668335
1524883629.191016,0,1,195.36637116860996,5.366371168609959,21.270864909577142,1144.9618354603965,72.89899615634954,-0.09644366818650807,0.0018490482567548455,0.1807566995544604,0.00634264826728359,1078.707424422411,0.003454977328107936,0.01681666469911835,-0.09643379184985443,-0.15333030655860902,-0.15333030655860902,-0.15333030655860902
1524883629.216509,0,1,206.8585219478738,16.85852194787381,11.492150779263852,1069.7035204892884,75.25831497110812,-0.09643379184985443,0.001858924593408487,0.21504064409356513,0.008793553763194129,1080.1435762584565,0.0033958420655565277,0.01683631278534105,-0.09646305053377546,-0.1628460069656372,-0.1628460069656372,-0.1628460069656372
1524883629.243416,0,1,239.32736704939396,49.327367049393956,32.468845101520145,1177.990369392812,108.2868489035236,-0.09646305053377546,0.0018296659094874518,0.2339648710995463,0.010480531796410286,1084.5334720991696,0.003400729828586923,0.016850973470858385,-0.09646300070530896,-0.15333030655860902,-0.15333030655860902,-0.15333030655860902
1524883629.269681,0,1,222.3494917707474,32.34949177074739,16.977875278646565,1020.9431014767171,157.04726791609494,-0.09644343361498293,0.00184928282827998,0.1488829592744434,0.00418964785884679,1081.5379717146348,0.003470053511841339,0.016860561937720574,-0.09640920360587522,-0.18197550778388977,-0.18197550778388977,-0.18197550778388977
1524883629.292737,0,1,160.1168679204969,29.8831320795031,62.23262385025049,1097.5520922070832,76.60899073036614,-0.09640920360587522,0.0018835128373876908,0.15512169019344235,0.004451767688988473,1083.5219930075427,0.003464836974866546,0.01686062971812581,-0.09642875395578991,-0.15333030655860902,-0.14371650614738465,-0.14371650614738465
1524883629.316366,0,1,170.14933782258814,19.850662177411863,10.032469902091236,1096.424455969195,1.1276362378882823,-0.09642875395578991,0.0018639624874730032,0.03897484589997954,0.00028330663016062907,1075.0128773158983,0.003464756213851875,0.016889968011775197,-0.09643353993829266,-0.14371650614738465,-0.14371650614738465,-0.14371650614738465
1524883629.343396,0,1,170.1557532254999,19.844246774500107,0.0064154029117560185,1012.2131812203352,84.21127474885975,-0.09643353993829266,0.0018591765049702502,0.10505607424902305,0.002096993830003946,1078.8007254762367,0.003424918079052165,0.01690477931788818,-0.09647747771617855,-0.18197550778388977,-0.18197550778388977,-0.18197550778388977
1524883629.366214,0,1,202.07056381469783,12.070563814697834,31.91481058919794,1135.0622128086977,122.84903158836255,-0.09647747771617855,0.0018152387270843617,0.1705004790149988,0.005581675068777159,1079.6943269412807,0.0034251678521266416,0.016934050465371168,-0.09646271449581771,-0.15333030655860902,-0.15333030655860902,-0.15333030655860902
1524883629.390492,0,1,192.87186371537234,2.871863715372342,9.198700099325492,1037.3774825550188,97.68473025367894,-0.09646271449581771,0.0018300019474452034,0.2313563665499941,0.01023403966183667,1084.1587127045275,0.003449520249437949,0.01694384105266167,-0.09646756849046835,-0.14371650614738465,-0.14371650614738465,-0.14371650614738465
1524883629.413423,0,1,217.39164395512088,27.391643955120884,24.519780239748542,1010.6768404499768,26.700642105041993,-0.09646770356084157,0.0018250128824213452,0.15150379543682407,0.0043540212948599555,1076.2033698812893,0.0035027779410316488,0.016895074195707977,-0.09649706312032606,-0.1149732049179077,-0.1149732049179077,-0.1149732049179077
1524883629.436738,0,1,202.82677734748515,12.826777347485148,14.564866607635736,1077.0935433019679,66.41670285199109,-0.09649706312032606,0.001795653322936852,0.2559252539823687,0.012472615415716426,1084.6082090149337,0.003536076668783425,0.016851281358848294,-0.09655098139837873,-0.1149732049179077,-0.1149732049179077,-0.1149732049179077
1524883629.45781,0,1,227.8852398399433,37.885239839943296,25.058462492458148,1111.5083706393336,34.41482733736575,-0.09655098139837873,0.0017417350448841878,0.3146343994564577,0.01866701984421093,1091.4624241852127,0.003545026933925925,0.016851368174161094,-0.09657541933117622,-0.18197550778388977,-0.18197550778388977,-0.18197550778388977
1524883629.481606,0,1,201.29194351241026,11.291943512410256,26.59329632753304,1087.5058544380402,24.002516201293474,-0.09659985725842445,0.0016928591848384689,0.40635575697202125,0.030589616873946346,1099.33307240826,0.0034668330308519086,0.01679769930264592,-0.09660004574990345,-0.1149732049179077,-0.1149732049179077,-0.1149732049179077
1524883629.504638,0,1,213.7559549655932,23.75595496559319,12.464011453182934,1182.4919585224586,94.98610408441846,-0.09660004574990345,0.0016926706933594604,0.45852746798080773,0.03851503421813418,1106.7025684593539,0.0034528271350654036,0.016773129573489483,-0.09656102964831371,-0.1628460069656372,-0.1628460069656372,-0.1628460069656372
1524883629.530994,0,1,239.93193404856126,49.93193404856126,26.17597908296807,1144.6356443122338,37.85631421022481,-0.09656102964831371,0.0017316867949491999,0.42042401048119843,0.032525761912657436,1105.6436569458479,0.003469126271025964,0.01676301737247473,-0.09646331185810891,-0.17245980737686156,-0.17245980737686156,-0.17245980737686156
1524883629.555643,0,1,240.00633010934942,50.00633010934942,0.07439606078816041,1043.7937099825822,100.84193432965162,-0.09646331185810891,0.0018294045851540014,0.3643177331834291,0.024529396155541287,1102.4738526831147,0.003483623177920467,0.016763051349931904,-0.09647308701378292,-0.1149732049179077,-0.1149732049179077,-0.1149732049179077
1524883629.578911,0,1,161.9790514519847,28.020948548015298,78.02727865736472,1086.0968215230325,42.303111540450345,-0.09643388384200188,0.0018588326012610318,0.3542527695137645,0.023565009769093037,1102.4016872461445,0.0035433371024423633,0.016831245005143085,-0.09640930805241262,-0.1628460069656372,-0.1628460069656372,-0.1628460069656372
1524883629.602517,0,1,193.4305980606728,3.430598060672793,31.45154660868809,1064.895676428899,21.201145094133608,-0.09640930805241262,0.0018834083908502997,0.24851404355326084,0.011503422846771307,1093.4718999664422,0.003576970362462565,0.016846027464952312,-0.09644346893962931,-0.14371650614738465,-0.1149732049179077,-0.1149732049179077
1524883629.624795,0,1,217.75236832896826,27.75236832896826,24.321770268295467,1080.0710628807956,15.175386451896657,-0.09644346893962931,0.0018492475036336053,0.20128365671132345,0.007393110865483887,1088.2127265466188,0.003586990539475357,0.016836201173170272,-0.09642884120745021,-0.1628460069656372,-0.1628460069656372,-0.1628460069656372
1524883629.648144,0,1,229.653047269128,39.653047269127995,11.900678940159736,963.1628609419735,116.90820193882212,-0.09642884120745021,0.0018638752358127036,0.1293358381076937,0.0031193072890015605,1082.2202658100352,0.0036181230225121115,0.016840929638602554,-0.09638483535571402,-0.15333030655860902,-0.15333030655860902,-0.15333030655860902
1524883629.669889,0,1,179.6022664819827,10.397733518017304,50.0507807871453,1023.5640339267201,60.40117298474661,-0.09632129675878225,0.0019714196844806686,0.18140717532984663,0.006280438867963145,1084.11845276171,0.0035945102236567324,0.016825862904941313,-0.09627247381043898,-0.10535940450668335,-0.10535940450668335,-0.10535940450668335
1524883629.694654,0,1,153.9125308844808,36.08746911551921,25.689735597501908,1022.7146230696561,0.8494108570639582,-0.09627247381043898,0.0020202426328239376,0.17815174166429668,0.005962274288253577,1084.869736165649,0.0035947565935239745,0.016820923316030235,-0.09625782863835208,-0.19158930819511413,-0.19158930819511413,-0.19158930819511413
1524883629.718895,0,1,209.85838156284754,19.85838156284754,55.94585067836675,1094.5138024308606,71.79917936120444,-0.09625308161707022,0.002039634826192696,0.15581513539247815,0.004620829573776741,1087.6597216430318,0.0035506902664582817,0.01678673243385708,-0.09626283931606007,-0.14371650614738465,-0.14371650614738465,-0.14371650614738465
1524883629.740971,0,1,286.5487418443854,96.5487418443854,76.69036028153786,1205.8212825457165,111.30748011485593,-0.09626283931606007,0.002029877127202845,0.08400056046746537,0.0013715136240730619,1084.285883397985,0.0035159897700963775,0.016791722928222782,-0.09629214752894705,-0.14371650614738465,-0.14371650614738465,-0.14371650614738465
1524883629.763598,0,1,198.86772833453242,8.867728334532416,87.68101350985299,1008.1910455300422,197.6302370156743,-0.09629219904735098,0.0020005173959119354,0.105299818701685,0.0021160946092037003,1086.3555676046972,0.003506542037984687,0.016777062257555136,-0.09629219904735098,-0.12458700532913207,-0.12458700532913207,-0.12458700532913207
1524883629.788398,0,1,257.73809573244006,67.73809573244006,58.87036739790764,1077.3638384473568,69.17279291731461,-0.0962727001796462,0.0020200162636167113,-0.0010222731410484054,2.072979469192049e-07,1081.4888501871978,0.003520546841266409,0.016747809674810935,-0.09631185233139974,-0.1341027057361603,-0.1149732049179077,-0.1149732049179077
1524883629.812118,0,1,231.46175424821902,41.46175424821902,26.276341484221035,993.9854434217777,83.37839502557904,-0.09631185233139974,0.0019808641118631704,-0.17662513220809414,0.006164465587539247,1066.9434092922684,0.003466625973410794,0.01673817265494757,-0.09635098714612447,-0.1149732049179077,-0.1149732049179077,-0.1149732049179077
1524883629.835543,0,1,172.1454997559182,17.854500244081805,59.31625449230083,987.3236511488452,6.66179227293253,-0.09632167866045238,0.0019710377828105335,-0.16786514182479662,0.005714163516649995,1065.8913575730269,0.0034770540627788167,0.01673304824852555,-0.09628257804380724,-0.15333030655860902,-0.15333030655860902,-0.15333030655860902
1524883629.863384,0,1,200.01401012370968,10.014010123709681,27.868510367791487,1074.2759733741061,86.9523222252609,-0.09628257804380724,0.0020101383994556715,-0.11011819802090403,0.002397176192500461,1068.1645502686279,0.003525595456624143,0.01671845601084869,-0.09630217968994435,-0.1628460069656372,-0.1628460069656372,-0.1628460069656372
1524883629.886735,0,1,190.80026958602946,0.800269586029458,9.213740537680223,1030.7540453346999,43.52192803940625,-0.09625815690466544,0.0020345595385974774,-0.13544342137157156,0.003579898830072703,1061.4657508812552,0.0035561444203085595,0.016737743584742375,-0.09622879670178261,-0.1149732049179077,-0.1149732049179077,-0.1149732049179077
1524883629.910973,0,1,195.61705443262076,5.617054432620762,4.816784846591304,987.1725508739322,43.58149446076766,-0.09622879670178261,0.002063919741480305,-0.14708459802777946,0.004205495543062376,1058.326402127832,0.0036291227650833246,0.0167720220480821,-0.09624822409293757,-0.1149732049179077,-0.1149732049179077,-0.1149732049179077
1524883629.936648,0,1,180.38088678427027,9.619113215729726,15.236167648350488,1016.7546251993621,29.582074325429858,-0.09623832326361387,0.0020543931796490472,-0.11334722854576762,0.0025074501117011705,1061.397357393856,0.003801071771371287,0.016820689704429945,-0.09619427994045252,-0.1628460069656372,-0.1628460069656372,-0.1628460069656372
1524883629.958437,0,1,207.84847562954306,17.84847562954306,27.467588845272786,1116.687785358847,99.93316015948483,-0.09619427994045252,0.0020984365028103996,-0.07159602549951155,0.0010011835247768497,1063.7050785389813,0.0037522031833923503,0.016830463475237676,-0.09619424302311114,-0.1341027057361603,-0.1341027057361603,-0.1341027057361603
1524883629.980715,0,1,216.4093482358567,26.409348235856697,8.560872606313637,997.1717859778533,119.51599938099355,-0.09619424302311114,0.002098473420151778,-0.12514837687791128,0.0030948125798551107,1059.0854169355646,0.0036886722790126654,0.016815802809771144,-0.09619429757514278,-0.1628460069656372,-0.1628460069656372,-0.1628460069656372
1524883630.003539,0,1,190.5617456182948,0.5617456182947933,25.847602617561904,1100.9305451234545,103.75875914560118,-0.09619429757514278,0.002098418868120136,-0.22927476106598368,0.010384382897070221,1053.097249431645,0.003694133082544584,0.016801015696408603,-0.09619435173307687,-0.14371650614738465,-0.14371650614738465,-0.14371650614738465
1524883630.033391,0,1,210.7994228104147,20.79942281041471,20.237677192119918,944.6266681782603,156.30387694519425,-0.0961601386833349,0.00213257775992802,-0.41824585523230856,0.03424396111824213,1039.1404662353975,0.003670026928336665,0.016800943720420767,-0.09614058837429715,-0.17245980737686156,-0.17245980737686156,-0.17245980737686156
1524883630.056884,0,1,215.1736422866662,25.173642286666194,4.374219476251483,1247.9517406204907,303.3250724422304,-0.09614058837429715,0.002152128068965767,-0.3406446173188692,0.02128084324563506,1048.3675820401122,0.0035862907233442016,0.016761990692321437,-0.09617983111592637,-0.15333030655860902,-0.15333030655860902,-0.15333030655860902
1524883630.082103,0,1,197.1950979065938,7.195097906593787,17.978544380072407,1032.565245038936,215.38649558155475,-0.09617983111592637,0.0021128853273365417,-0.40231675246115234,0.02962948771365559,1042.2196946351253,0.0035763522268284402,0.0167473650231846,-0.09618965878226306,-0.14371650614738465,-0.14371650614738465,-0.14371650614738465
1524883630.104797,0,1,202.66122834009357,12.661228340093572,5.466130433499785,1082.9127111639464,50.34746612501044,-0.0961896063429594,0.0021031101003035207,-0.4005313326534991,0.029821749279206555,1040.144319802794,0.0035768442704128835,0.016757033927782702,-0.09616029836114945,-0.12458700532913207,-0.12458700532913207,-0.12458700532913207
1524883630.129513,0,1,171.76668900827937,18.23331099172063,30.8945393318142,995.0248559385315,87.88785522541491,-0.09616029836114945,0.002132418082113466,-0.45315254390094906,0.03804266139719248,1034.7549676218757,0.0035431268274966473,0.016752042651823826,-0.09613099029172964,-0.1341027057361603,-0.1341027057361603,-0.1341027057361603
1524883630.158566,0,1,211.8717167303629,21.87171673036289,40.10502772208352,968.5364858906527,26.48837004787879,-0.09613099029172964,0.0021617261515332747,-0.5286947150724918,0.05142680663262211,1025.693709496212,0.0035142944588507277,0.01672750522988144,-0.09610175092835625,-0.18197550778388977,-0.18197550778388977,-0.18197550778388977
1524883630.183829,0,1,204.23826949683,14.238269496829986,7.633447233532905,1029.6593484228079,61.12286253215518,-0.09610175092835625,0.002190965514906662,-0.4263673551861878,0.034621994103369635,1030.7100901663912,0.0035495661433217213,0.01673216773876913,-0.09603819519169442,-0.14371650614738465,-0.19158930819511413,-0.19158930819511413
1524883630.208482,0,1,197.8900076958993,7.8900076958993,6.348261800930686,1101.0710834722324,71.41173504942458,-0.09603819519169442,0.0022545212515684976,-0.443184712733989,0.03774139561140388,1031.7448849885186,0.0036179035519836042,0.016771280386656578,-0.09604294264301025,-0.1341027057361603,-0.1341027057361603,-0.1341027057361603
1524883630.231758,0,1,246.574836629805,56.57483662980499,48.68482893390569,1061.4198662838944,39.65121718833802,-0.09606249295193602,0.0022302234913268992,-0.2750820842453192,0.014303790599886623,1044.0845309985273,0.0036718239921028108,0.01677613102900811,-0.09603314963905736,-0.12458700532913207,-0.12458700532913207,-0.12458700532913207
1524883630.255582,0,1,218.3060227681028,28.306022768102792,28.2688138617022,1114.2969940353157,52.87712775142131,-0.09603314963905736,0.002259566804205554,-0.30101580678189427,0.017391959329664974,1042.4140256799799,0.0035936344317897273,0.01679567858923708,-0.09603307861777173,-0.1341027057361603,-0.1341027057361603,-0.1341027057361603
1524883630.280109,0,1,233.00889110787705,43.00889110787705,14.702868339774255,1095.3247960850506,18.972197950265127,-0.09603302560257165,0.0022596908406912614,-0.23007838055379412,0.010480200069601153,1046.8542618011384,0.0036819292562431257,0.01682004150087431,-0.09601343950429714,-0.1341027057361603,-0.1341027057361603,-0.1341027057361603
1524883630.304589,0,1,224.60490636116336,34.60490636116336,8.40398474671369,1097.4055387415085,2.0807426564579146,-0.09601343950429714,0.002279276938965777,-0.1728476435132334,0.005886629271719235,1049.3372080751253,0.003696343400461835,0.016820095586291776,-0.09602810224006696,-0.12458700532913207,-0.12458700532913207,-0.1341027057361603
1524883630.33018,0,1,167.00922044242085,22.990779557579145,57.595685918742504,968.492929478587,128.91260926292148,-0.09602810224006696,0.002264614203195958,-0.2991121737865359,0.01754630418417291,1038.64800692958,0.0037351924387150895,0.016825036629276105,-0.09604274692825003,-0.07661610327720642,-0.07661610327720642,-0.07661610327720642
1524883630.354328,0,1,184.59659334139667,5.4034066586033305,17.587372898975815,1036.0990207497364,67.60609127114935,-0.09604274692825157,0.0022499695150113436,-0.25244754007692183,0.01250649669436177,1041.1332806514079,0.0037500189917532263,0.016844547601603595,-0.09603289859751037,-0.1149732049179077,-0.1149732049179077,-0.1149732049179077
1524883630.379566,0,1,162.6938326011061,27.306167398893905,21.902760740290574,1013.4822759784048,22.616744771331582,-0.09603289859751037,0.0022598178457525486,-0.25990582917790317,0.01372944267591969,1041.9727155708556,0.0037453818043527353,0.01688358774625478,-0.09601808931549714,-0.1149732049179077,-0.1149732049179077,-0.1149732049179077
1524883630.402777,0,1,213.56007812835506,23.56007812835506,50.866245527248964,993.0766203703703,20.40565560803452,-0.09601810775283734,0.0022746086904255752,-0.35626359699504895,0.025108517606911348,1034.2908331907215,0.003750019824803432,0.016859208642894224,-0.09603284430003997,-0.1628460069656372,-0.1628460069656372,-0.1628460069656372
1524883630.425397,0,1,204.75028310688515,14.75028310688515,8.80979502146991,1056.6587332107063,63.58211284033598,-0.09603284430003997,0.0022598721432229435,-0.3684583319123626,0.027549319669170624,1032.2966441879014,0.0037063678228138703,0.016868909541838447,-0.09601325752243071,-0.12458700532913207,-0.14371650614738465,-0.14371650614738465
1524883630.449895,0,1,199.62996460509726,9.629964605097257,5.120318501787892,1078.046028800042,21.387295589335736,-0.09601325752243071,0.0022794589208322003,-0.22845685535108146,0.01093007718627148,1041.7159012684695,0.0037503559426514538,0.01695198629656022,-0.09602766667114787,-0.1341027057361603,-0.1341027057361603,-0.1341027057361603
1524883630.473921,0,1,177.8603403645717,12.139659635428302,21.76962424052556,1181.5466416451638,103.50061284512185,-0.09601294923625307,0.002279767207009842,-0.13333706825364072,0.003541851452625644,1050.3419733124028,0.003809249663981511,0.016981252211107304,-0.09599817561579668,-0.17245980737686156,-0.17245980737686156,-0.17245980737686156
1524883630.496998,0,1,212.40680661811112,22.40680661811112,34.54646625353942,1090.3713296282262,91.1753120169376,-0.09599817561579668,0.002294540827466232,-0.006103722309952665,7.946729080998693e-06,1055.903223406529,0.003799561437713592,0.017020328711582593,-0.0959931392673533,-0.14371650614738465,-0.14371650614738465,-0.14371650614738465
1524883630.520718,0,1,214.5133576833125,24.513357683312506,2.106551065201387,1049.4900389263732,40.881290701853004,-0.09598827014950105,0.0023044462937618637,0.14149840679139478,0.004171145079608807,1067.756449597284,0.003702653473647251,0.01700548545311357,-0.09594431826726628,-0.08622990368843078,-0.08622990368843078,-0.08622990368843078
1524883630.544815,0,1,199.40438031724898,9.404380317248979,15.108977366063527,1223.7502502502505,174.26021132387723,-0.09594431826726628,0.0023483981759966355,0.2831332120840013,0.01591599866751159,1082.9753558935645,0.0037078735549377086,0.0170151868023145,-0.09592473166177898,-0.22033260942459107,-0.22033260942459107,-0.22033260942459107
1524883630.570199,0,1,155.02653078405513,34.973469215944874,44.37784953319385,1158.0578307393228,65.69241951092772,-0.09592473166177898,0.0023679847814839367,0.2582531051148718,0.013164249676052231,1079.4670727922244,0.003732973445970936,0.017015040587242704,-0.09588563091108897,-0.1341027057361603,-0.1341027057361603,-0.1341027057361603
1524883630.593501,0,1,251.78784460348842,61.78784460348842,96.7613138194333,1026.7080684521914,131.3497622871314,-0.09588563091108897,0.002407085532173947,0.3046161969725933,0.01802918331524428,1085.1210878157672,0.003708703488635513,0.016990569779577323,-0.09587594665128464,-0.14371650614738465,-0.14371650614738465,-0.14371650614738465
1524883630.617784,0,1,233.89741101515256,43.89741101515256,17.890433588335867,1195.0384340372013,168.33036558501,-0.09587107720710393,0.0024216392361589845,0.24165759435321396,0.011092059424417267,1079.9669154711144,0.0037521033135770165,0.016961376336899103,-0.0959102692333786,-0.08622990368843078,-0.08622990368843078,-0.08622990368843078
1524883630.639905,0,1,128.99797339338485,61.002026606615146,104.8994376217677,951.0242525972393,244.01418143996204,-0.0959102692333786,0.002382447209884314,0.1596076306327645,0.00485803142624508,1073.988699660824,0.003771318881002024,0.01695167609756205,-0.09592985636042363,-0.17245980737686156,-0.17245980737686156,-0.17245980737686156
1524883630.661038,0,1,212.88394776856316,22.88394776856316,83.88597437517831,986.1110777432455,35.08682514600616,-0.09592985636042363,0.0023628600828392854,0.047341038998345006,0.0004219040377724248,1064.2253265585625,0.0037284082165405987,0.016897682496188917,-0.09590552858834865,-0.15333030655860902,-0.15333030655860902,-0.15333030655860902
1524883630.684485,0,1,203.48832644529605,13.488326445296053,9.395621323267108,1027.789147910018,41.67807016677261,-0.09586651918097344,0.002426197262289473,0.09412927362014184,0.0016340441309545817,1070.4905707604132,0.003689147938482388,0.01690260563467834,-0.09587627623008006,-0.18197550778388977,-0.18197550778388977,-0.18197550778388977
1524883630.707683,0,1,279.3440163955707,89.34401639557069,75.85568995027464,1111.959914161166,84.17076625114782,-0.09587627623008006,0.002416440213182852,0.160924446483226,0.004638451036605429,1073.9691067315102,0.0037038922608323603,0.016917248230615366,-0.09587133444279596,-0.17245980737686156,-0.17245980737686156,-0.17245980737686156
1524883630.731647,0,1,240.81816296170962,50.81816296170962,38.52585343386107,1134.220627739801,22.260713578635205,-0.09585171152603425,0.0024410049172286646,0.3853002549452831,0.026290690367196334,1090.7746446779283,0.003723110519796878,0.01695152937873355,-0.09589075769169032,-0.10535940450668335,-0.10535940450668335,-0.10535940450668335
1524883630.753389,0,1,199.12765896116832,9.127658961168322,41.690504000541296,1047.2920893834582,86.92853835634287,-0.09589075769169032,0.0024019587515725915,0.4028148923914937,0.028163285894777013,1092.2456865523693,0.0037424099382050453,0.0169564709920939,-0.09590540221860827,-0.14371650614738465,-0.1628460069656372,-0.1628460069656372
1524883630.780265,0,1,192.50278215816965,2.5027821581696514,6.624876802998671,1167.5546110431294,120.26252165967117,-0.09590540221860827,0.0023873142246546436,0.5810570151597155,0.0558405294458052,1108.4878470245249,0.003664135513252221,0.01694182816294722,-0.09591034446618182,-0.1628460069656372,-0.1628460069656372,-0.1628460069656372
1524883630.841721,0,1,219.57928308900838,29.579283089008385,27.076500930838733,1114.5542867837119,53.00032425941754,-0.09591034446618182,0.002382371977081091,0.5798745752767303,0.05561134553501911,1108.29989618099,0.003708365531485955,0.01693200034189729,-0.09589571773032125,-0.1149732049179077,-0.1149732049179077,-0.15333030655860902
