1524884021.642531,0,1,234.11090327716784,44.110903277167836,17.862113901965046,62248.277777777774,3388.5555555555547,-0.3248195793520955,0.0012597838318199606,35.06806919053952,0.025474087593292505,59511.092618269126,0.046992963091208685,0.04464206809536236,-0.324904547684999,-0.1149732049179077,-0.1149732049179077,-0.1149732049179077
1524884021.703182,0,1,229.00488780544262,39.00488780544262,5.106015471725215,45305.5,16942.777777777774,-0.3249047774445333,0.0011745857393821724,33.65578555465305,0.02142510637411554,59404.4652037597,0.04694296282812131,0.04462368900518759,-0.3249298983599735,-0.17245980737686156,-0.17245980737686156,-0.17245980737686156
1524884021.724782,0,1,268.3765733276922,78.3765733276922,39.37168552224958,57165.44444444444,11859.944444444438,-0.3249310460530064,0.0011483171309090712,18.366340550422514,0.005890071530924467,57988.70924879743,0.046988906372835974,0.04459928131743036,-0.3249310460530064,-0.1341027057361603,-0.1341027057361603,-0.1341027057361603
1524884021.747437,0,1,240.72936979611237,50.729369796112366,27.647203531579834,40706.74603174603,16458.69841269841,-0.32488592022991214,0.0011934429540033098,17.885218752091063,0.005466233122774056,58054.04121969007,0.04703780634757299,0.044636268752947295,-0.32488523054555046,-0.19158930819511413,-0.19158930819511413,-0.19158930819511413
1524884021.772271,0,1,235.99344755584775,45.99344755584775,4.735922240264614,62248.277777777774,21541.531746031746,-0.32488523054555046,0.0011941326383649864,25.320114554541853,0.010746150323061143,58784.803630552895,0.04703802438454392,0.044636038967059664,-0.32488034416145983,-0.1341027057361603,-0.1341027057361603,-0.1341027057361603
1524884021.7958,0,1,284.7625210331069,94.7625210331069,48.769073477259155,62248.277777777774,0.0,-0.3248538422560075,0.0012255209279079526,32.079553087178304,0.01761311764085327,59193.48457310028,0.04698148900526545,0.04470231291327059,-0.3248331473647332,-0.15333030655860902,-0.15333030655860902,-0.15333030655860902
1524884021.820455,0,1,319.9577663322703,129.9577663322703,35.19524529916339,70719.66666666667,8471.388888888898,-0.3248331473647332,0.0012462158191822725,34.31426205511451,0.020934815121290695,59894.69240176675,0.04693434591550131,0.044690714677032346,-0.3247945152814179,-0.1341027057361603,-0.1341027057361603,-0.1341027057361603
1524884021.844712,0,1,268.4011100736591,78.40111007365908,51.55665625861121,57165.44444444444,13554.222222222234,-0.3247945152814179,0.0012848479024975545,34.23720312518573,0.02074676129084907,59753.33223033491,0.04699091894749761,0.04467797022933273,-0.324760769353598,-0.2012031086063385,-0.2012031086063385,-0.2012031086063385
1524884021.870295,0,1,234.39371792198304,44.39371792198304,34.007392151676044,46576.208333333336,10589.236111111102,-0.32473145089894506,0.0013479122849703873,17.469264380004194,0.005306174699795774,58525.799927723274,0.046996024112759736,0.04467774066046495,-0.3247265644943352,-0.1149732049179077,-0.1149732049179077,-0.1149732049179077
1524884021.89548,0,1,313.4270074179368,123.4270074179368,79.03328949595377,53776.88888888888,7200.6805555555475,-0.3247265644943352,0.0013527986895802702,6.527293541088573,0.0007962930051965689,57882.14181314582,0.04693473175147562,0.04466584924486963,-0.3247858903541959,-0.1628460069656372,-0.1628460069656372,-0.1628460069656372
1524884021.917499,0,1,265.4887261292865,75.48872612928648,47.93828128865033,62248.277777777774,8471.38888888889,-0.3247858903541959,0.001293472829719533,6.365926580863903,0.0007412756213345251,57971.615274315525,0.04686505657689795,0.04469163166040464,-0.32481406219773273,-0.14371650614738465,-0.14371650614738465,-0.14371650614738465
1524884021.939909,0,1,192.32751891789974,2.327518917899738,73.16120721138674,53776.88888888888,8471.38888888889,-0.3248124583330467,0.001266904850868722,-7.006876146876374,0.0008376282650846001,56589.227557260034,0.04677737190898456,0.04472069232891756,-0.3248078007892689,-0.18197550778388977,-0.18197550778388977,-0.18197550778388977
1524884021.963041,0,1,184.67036050993795,5.32963949006205,7.657158407961788,53776.88888888888,0.0,-0.3248078007892689,0.0012715623946465415,-17.318224905233894,0.004754177074059895,55549.31786886118,0.0466699004651865,0.044740218688080285,-0.32480688686788567,-0.1341027057361603,-0.1341027057361603,-0.1341027057361603
1524884021.986047,0,1,257.91659241604617,67.91659241604617,73.24623190610822,44095.30158730159,9681.587301587293,-0.32480688686788567,0.0012724763160297803,-19.6257724364469,0.006115460650058968,55442.86914136572,0.04662530318538904,0.04476042875559025,-0.3248206339266522,-0.15333030655860902,-0.15333030655860902,-0.14371650614738465
1524884022.00755,0,1,194.96227376190072,4.962273761900718,62.95431865414545,53776.88888888888,9681.587301587293,-0.3248206339266522,0.0012587292572632247,-21.969466166750266,0.007676384410936099,55333.69137583891,0.0466245964164819,0.04473670401889892,-0.3248364334217736,-0.1628460069656372,-0.1628460069656372,-0.1628460069656372
1524884022.032481,0,1,299.192233927064,109.19223392706402,104.2299601651633,60554.0,6777.111111111117,-0.3248364334217736,0.0012429297621418534,-23.71352027285869,0.009465896714112909,55632.84592574837,0.04654886831806703,0.04472944395728453,-0.32488041200599704,-0.15333030655860902,-0.15333030655860902,-0.15333030655860902
1524884022.055284,0,1,257.4604780903702,67.4604780903702,41.73175583669382,65636.83333333333,5082.8333333333285,-0.32489064031419157,0.0011887228697238794,-17.429890841709362,0.005028501534253826,56276.68772557792,0.04652974742411393,0.04472410762302827,-0.3248810948589423,-0.1341027057361603,-0.1341027057361603,-0.1341027057361603
1524884022.097047,0,1,287.80208167194843,97.80208167194843,30.341603581578227,62248.277777777774,3388.5555555555547,-0.3248810948589423,0.0011982683249731618,-9.552601311381032,0.0014823724860490994,56973.07975178438,0.04652974742411393,0.04472410762302827,-0.3248810948589423,-0.14371650614738465,-0.14371650614738465,-0.14371650614738465
1524884022.11961,0,1,228.06668093894748,38.066680938947485,59.735400733000944,60554.0,1694.2777777777737,-0.3248810948589914,0.0011982683249240345,-0.8291034416344516,1.1378019881380652e-05,57530.04717428359,0.04649217106942388,0.04471763623982502,-0.32484711651354337,-0.12458700532913207,-0.12458700532913207,-0.12458700532913207
1524884022.143621,0,1,214.87086504374156,24.87086504374156,13.195815895205925,57165.44444444444,3388.555555555562,-0.32484711651354337,0.0012322466703720836,-4.851013558274545,0.0003661390992099056,56921.42296047725,0.04655656460606057,0.044711845487439957,-0.3248277979413532,-0.17245980737686156,-0.17245980737686156,-0.17245980737686156
1524884022.165504,0,1,247.1178177392495,57.11781773924949,32.24695269550793,37604.23737373737,19561.207070707067,-0.3248277979413532,0.001251565242562258,-17.87931249565875,0.0050136810665133424,55953.188915957275,0.0466838327876623,0.04470673612775308,-0.32482313942039254,-0.1341027057361603,-0.1341027057361603,-0.1341027057361603
1524884022.192063,0,1,222.37634138592566,32.376341385925656,24.741476353323833,60554.0,22949.76262626263,-0.32480756664609467,0.0012717965378207796,-15.334350156784264,0.003680453636811687,56077.56246143118,0.04672231339834217,0.044726947386472385,-0.3248368855200834,-0.14371650614738465,-0.14371650614738465,-0.14371650614738465
1524884022.2354,0,1,228.6409373332206,38.64093733322059,6.264595947294936,57165.44444444444,3388.555555555562,-0.3248368855200834,0.0012424776638320645,-25.366152661137985,0.00958604019965914,55030.59389760501,0.04663655427818189,0.04473443022235309,-0.3247875641411859,-0.1341027057361603,-0.1341027057361603,-0.1341027057361603
1524884022.256988,0,1,237.32066507618848,47.320665076188476,8.679727742967884,49464.18181818182,7701.2626262626145,-0.3247875641411859,0.0012917990427295245,-19.59267753987718,0.005718967438987921,55466.491269260194,0.04659174862184968,0.044759749162454586,-0.32480597043436865,-0.15333030655860902,-0.15333030655860902,-0.15333030655860902
1524884022.281442,0,1,229.05209603496243,39.05209603496243,8.268569041226044,57165.44444444444,7701.2626262626145,-0.32484994910589604,0.0012294140780194085,-22.042462711666445,0.007250307318852123,55349.30359990121,0.04650694213272967,0.04477133259952486,-0.3248446075449187,-0.14371650614738465,-0.14371650614738465,-0.14371650614738465
1524884022.307184,0,1,260.9575974002309,70.9575974002309,31.905501365268464,65636.83333333333,8471.38888888889,-0.3248446075449187,0.0012347556389967762,-19.7847922408865,0.0057588621152452335,55756.956609333996,0.04654137949470502,0.04477598695679661,-0.32483949350643837,-0.14371650614738465,-0.14371650614738465,-0.15333030655860902
1524884022.33245,0,1,234.29997782144548,44.29997782144548,26.657619578785415,65636.83333333333,0.0,-0.32483949350643837,0.001239869677477079,-19.11597019992614,0.005253178662987912,55928.47251469635,0.04654623585886188,0.04476134206812712,-0.3248401763120722,-0.1628460069656372,-0.1628460069656372,-0.1628460069656372
1524884022.3567,0,1,221.24240676484976,31.24240676484976,13.05757105659572,42233.457875457876,23403.375457875452,-0.3248785856763196,0.0012007775075958405,-26.52652328862894,0.009533957797783432,55050.972850516366,0.04646833929211896,0.04476611457222257,-0.32494279290974465,-0.14371650614738465,-0.14371650614738465,-0.14371650614738465
1524884022.37946,0,1,201.72082907568804,11.720829075688044,19.521577689161717,62248.277777777774,20014.819902319898,-0.32494279290974465,0.0011365702741708006,-36.758957961235176,0.017924650872478076,54370.39911209967,0.04646166262661425,0.044748403899839355,-0.32498279409448644,-0.14371650614738465,-0.14371650614738465,-0.14371650614738465
1524884022.405464,0,1,237.01057886606654,47.01057886606654,35.289749790378494,46999.777777777774,15248.5,-0.32498279409448644,0.0010965690894290114,-30.707529943647774,0.012711418062694047,54725.625260760855,0.04646161182353078,0.04472399565701341,-0.3249839300946891,-0.17245980737686156,-0.17245980737686156,-0.17245980737686156
1524884022.428099,0,1,252.65993257017703,62.659932570177034,15.649353704110496,57165.44444444444,10165.666666666664,-0.3249839300946891,0.0010954330892263275,-27.82038840139667,0.01044987709755174,55011.37555831193,0.046378335904835755,0.04473398539597716,-0.32497836234356214,-0.12458700532913207,-0.12458700532913207,-0.12458700532913207
1524884022.453313,0,1,265.91774839578306,75.91774839578306,13.25781582560603,65636.83333333333,8471.38888888889,-0.3249883623116628,0.0010910008722526676,-10.194634180063533,0.0013809556546114932,56443.77666868925,0.04633435359399831,0.04473398539630598,-0.32498836231166034,-0.15333030655860902,-0.1149732049179077,-0.1149732049179077
1524884022.478609,0,1,274.6130903830441,84.6130903830441,8.695341987261031,58859.72222222222,6777.1111111111095,-0.32498836231166034,0.0010910008722551101,-4.233571660201955,0.00023367776461213907,56859.951333383244,0.04625576619903507,0.044753964459897454,-0.3249972299217465,-0.1149732049179077,-0.1149732049179077,-0.1149732049179077
1524884022.502855,0,1,249.82260190276682,59.82260190276682,24.790488480277276,62248.277777777774,3388.5555555555547,-0.32502143682599,0.0010579263579254539,-0.8569623752989521,9.131688164631946e-06,56809.91533439342,0.04627614755707539,0.04473353387278113,-0.32497858805779,-0.1628460069656372,-0.1628460069656372,-0.1628460069656372
1524884022.524756,0,1,170.26442708770756,19.73557291229244,79.55817481505926,48694.055555555555,13554.222222222219,-0.32497858805779,0.0011007751261254417,8.50184285905362,0.0009116997515387082,57347.07735180926,0.04632997458586961,0.04476770565238866,-0.324977003081294,-0.1341027057361603,-0.14371650614738465,-0.14371650614738465
1524884022.551171,0,1,306.28835191180053,116.28835191180053,136.02392482409297,53776.88888888888,5082.8333333333285,-0.324977003081294,0.0011023601026214358,11.435661205100075,0.0016459837555825583,57433.038414713534,0.04634348167729829,0.044739547298567384,-0.32498302237492155,-0.15333030655860902,-0.15333030655860902,-0.15333030655860902
1524884022.575132,0,1,213.4887264915077,23.48872649150769,92.79962542029284,57165.44444444444,3388.5555555555547,-0.32500279522686076,0.001076567957054686,2.0692412557293287,5.1113353170317843e-05,56464.47085139319,0.04633831548656005,0.044710483636950384,-0.32500904144680925,-0.1628460069656372,-0.1628460069656372,-0.1628460069656372
1524884022.599071,0,1,264.0090341584019,74.0090341584019,50.52030766689421,43611.22222222222,13554.222222222219,-0.32500904144680925,0.0010703217371061946,-9.01521096686327,0.0009562355111326636,55593.7091530319,0.04633952397354015,0.04466030861969886,-0.32498198811366913,-0.10535940450668335,-0.10535940450668335,-0.10535940450668335
1524884022.620769,0,1,269.3545273931323,79.35452739313229,5.345493234730384,57165.44444444444,13554.222222222219,-0.32498198811366913,0.0010973750702463203,-6.436399933311128,0.0004949646284279074,55686.75271939842,0.04637909626445594,0.044679382361802356,-0.32497130822325804,-0.12458700532913207,-0.12458700532913207,-0.12458700532913207
1524884022.643984,0,1,216.48091771093172,26.48091771093172,52.873609682200566,57165.44444444444,0.0,-0.32497130822325804,0.001108054960657412,-1.7628065267029212,3.7127646496770694e-05,56039.609021597345,0.04634220382212967,0.04468642677954226,-0.3249122161098388,-0.14371650614738465,-0.14371650614738465,-0.14371650614738465
1524884022.668066,0,1,276.9767885812302,86.97678858123021,60.49587087029849,65636.83333333333,8471.38888888889,-0.32492198921159804,0.0011573739723174103,3.346238443172312,0.0001396097498449489,56730.311916822924,0.04628089133770995,0.04466518622978227,-0.324981760217921,-0.15333030655860902,-0.15333030655860902,-0.18197550778388977
1524884022.689006,0,1,243.3051696009281,53.30516960092811,33.6716189803021,60554.0,5082.8333333333285,-0.324981760217921,0.0010976029659944264,11.142808383299297,0.0015256133529053528,57488.38072508029,0.046203243750562006,0.044610809845962385,-0.32496958790788344,-0.1628460069656372,-0.15333030655860902,-0.15333030655860902
1524884022.713206,0,1,243.30796092444203,53.30796092444203,0.002791323513918087,65636.83333333333,5082.8333333333285,-0.32496958790788344,0.00110977527603201,11.218495129846076,0.001548072622952423,57561.86618555567,0.04625893008896122,0.04457505804002587,-0.3249369633493509,-0.15333030655860902,-0.15333030655860902,-0.15333030655860902
1524884022.737387,0,1,230.29169742373372,40.29169742373372,13.016263500708305,53776.88888888888,11859.944444444445,-0.32492628603247575,0.0011530771514396965,-1.4553020362898499,2.7593518304169784e-05,56934.16846776638,0.0462580787975706,0.044604800500065066,-0.32494537984025157,-0.15333030655860902,-0.15333030655860902,-0.14371650614738465
1524884022.763658,0,1,249.45583616819258,59.455836168192576,19.164138744458853,60554.0,6777.111111111117,-0.32494537984025157,0.0011339833436638802,7.39745641079814,0.0007254530612404997,57568.666174965976,0.04623660033889916,0.04462147926080365,-0.32498868044701995,-0.14371650614738465,-0.14371650614738465,-0.14371650614738465
1524884022.785772,0,1,230.21263978325612,40.21263978325612,19.243196384936454,57165.44444444444,3388.555555555562,-0.32498868044701995,0.0010906827368954986,11.884067262796313,0.0019029880962512238,57805.748627625166,0.04623657008737906,0.044606834159024125,-0.32498935874439,-0.2012031086063385,-0.2012031086063385,-0.2012031086063385
1524884022.813428,0,1,254.78042212881212,64.78042212881212,24.567782345555997,49464.18181818182,7701.2626262626145,-0.3249698125202538,0.0011095506636616403,21.615686597282,0.006250838029554395,58115.37619040914,0.04623382150677218,0.044585048170450337,-0.3249413977546031,-0.15333030655860902,-0.15333030655860902,-0.15333030655860902
1524884022.835408,0,1,250.93889156783857,60.93889156783857,3.8415305609735526,44095.301587301576,5368.880230880248,-0.3249413977546031,0.0011379654293123265,13.526909303195138,0.00227769777734399,57344.92731422939,0.0462696909229721,0.0445441870053135,-0.3249041147479713,-0.10535940450668335,-0.10535940450668335,-0.10535940450668335
1524884022.859474,0,1,220.4864646085167,30.486464608516712,30.452426959321855,62248.277777777774,18152.976190476198,-0.3248801346733119,0.001199228510603556,6.232646499240567,0.0005153263057635638,57005.99519475304,0.046294791841117205,0.044533293259174184,-0.3248801346733119,-0.1149732049179077,-0.1149732049179077,-0.1149732049179077
1524884022.882794,0,1,287.2055835918248,97.20558359182479,66.71911898330808,57165.44444444444,5082.833333333336,-0.3247793284500276,0.0013000347338878449,2.038622157136753,5.4766980118858826e-05,56640.938420416256,0.04637997138028373,0.044453055505724544,-0.32473204950676865,-0.12458700532913207,-0.12458700532913207,-0.12458700532913207
1524884022.906253,0,1,287.7944197055103,97.79441970551028,0.5888361136854883,51356.49206349206,5808.952380952374,-0.32473204950676865,0.0013473136771467997,7.181556445539729,0.0006912441184121487,56927.57329252402,0.0464866707400915,0.04442433738944957,-0.3246403417288076,-0.1149732049179077,-0.1149732049179077,-0.1149732049179077
1524884022.927906,0,1,201.33041543798217,11.330415437982168,86.46400426752811,57165.44444444444,5808.952380952374,-0.3246403417288076,0.001439021455107825,8.321299184688671,0.0009298304648519552,57149.166091552,0.04652327643889283,0.044426720001762204,-0.3245863632488678,-0.12458700532913207,-0.12458700532913207,-0.12458700532913207
1524884022.952284,0,1,189.93745014217373,0.06254985782626932,11.392965295808438,60554.0,3388.555555555562,-0.3245712489952487,0.0015081141886667537,-12.606212620808828,0.002136229205640272,55636.91006134805,0.0464992658354902,0.04442138386391963,-0.3245768176014733,-0.1341027057361603,-0.1341027057361603,-0.1341027057361603
1524884022.973023,0,1,260.09878740192124,70.09878740192124,70.16133725974751,48694.055555555555,11859.944444444445,-0.3245768176014733,0.0015025455824421718,-17.613526442445064,0.004438825460649443,55588.031836068476,0.046565916771791456,0.04440855751655627,-0.32461659185477726,-0.15333030655860902,-0.15333030655860902,-0.15333030655860902
1524884022.998786,0,1,253.52403816602052,63.52403816602052,6.574749235900725,60554.0,11859.944444444445,-0.32461659185477726,0.0014627713291381905,-11.437464452669575,0.0018457638844406876,56291.523405185406,0.04657830402920794,0.04441070908987354,-0.3245968183835627,-0.1341027057361603,-0.1341027057361603,-0.1341027057361603
1524884023.025692,0,1,262.176742273114,72.17674227311397,8.652704107093456,60554.0,0.0,-0.32455772683735373,0.0015216363465617166,-12.692226852809986,0.0021825870460943086,55777.12927132523,0.046511415851196426,0.04441399906636913,-0.3245232940980736,-0.19158930819511413,-0.19158930819511413,-0.19158930819511413
1524884023.050286,0,1,227.85998302946652,37.85998302946652,34.316759243647454,44653.854700854696,15900.145299145304,-0.3245232940980736,0.001556069085841827,-8.3860355467458,0.0009661192055965272,55797.276714933076,0.04646319750717251,0.044413317773153035,-0.32450863471916297,-0.1628460069656372,-0.1628460069656372,-0.1628460069656372
1524884023.074102,0,1,224.71240229562343,34.712402295623434,3.1475807338430855,53776.88888888888,9123.034188034188,-0.3245139753832808,0.0015653878006346433,-10.828440719095413,0.0015485562478980697,55317.58671172227,0.04643001278172656,0.04438289396786675,-0.3245139753832808,-0.14371650614738465,-0.14371650614738465,-0.14371650614738465
1524884023.097017,0,1,235.08563001493675,45.085630014936754,10.37322771931332,47483.85714285714,6293.031746031746,-0.3244855646291002,0.001593798554815229,-1.4011075633405548,2.592615380103691e-05,56029.35036498177,0.04645515849146809,0.04441150324587742,-0.32446954260433164,-0.15333030655860902,-0.19158930819511413,-0.19158930819511413
1524884023.121853,0,1,201.2358386725929,11.235838672592905,33.84979134234385,57165.44444444444,9681.5873015873,-0.32446954260433164,0.0016098205795838094,-2.5284645419620424,8.426230403235646e-05,55673.150468651394,0.046453796098990065,0.044383574988213534,-0.3245032935786199,-0.15333030655860902,-0.15333030655860902,-0.15333030655860902
1524884023.143964,0,1,192.99454161362482,2.9945416136248184,8.241297058968087,58859.72222222222,1694.277777777781,-0.32450022437721326,0.001579138806702185,-5.857327261683015,0.00046503342847659107,55828.44799997914,0.04648802472857887,0.044393338282905564,-0.32449976989350426,-0.14371650614738465,-0.14371650614738465,-0.14371650614738465
1524884023.166169,0,1,253.5840325284848,63.58403252848481,60.589490914859994,65636.83333333333,6777.1111111111095,-0.32449976989350426,0.0015795932904111853,-8.053398434387805,0.0009157074598304948,55884.4409900763,0.046492952016117424,0.04441286484998118,-0.32449886054288846,-0.12458700532913207,-0.12458700532913207,-0.15333030655860902
1524884023.192524,0,1,231.76865972376038,41.76865972376038,21.815372804724433,60554.0,5082.8333333333285,-0.32449886054288846,0.001580502641026993,-0.7890866923792788,8.63733284262036e-06,56534.5531932646,0.0465065260058845,0.04446270266901029,-0.32445488239634424,-0.12458700532913207,-0.12458700532913207,-0.12458700532913207
1524884023.219708,0,1,246.12177896276697,56.12177896276697,14.353119239006588,48042.41025641026,12511.589743589742,-0.32441329017620685,0.0016660730077086017,-7.5112686406886215,0.000742276842630285,55776.796661295455,0.046488726042191814,0.04446576712100004,-0.32437397105641097,-0.12458700532913207,-0.12458700532913207,-0.12458700532913207
1524884023.244802,0,1,218.32055329633963,28.320553296339625,27.801225666427342,53776.88888888888,5734.4786324786255,-0.32435465249772705,0.001724710686188402,-30.827968374870004,0.01234037733534954,53920.17928901821,0.046525520380982226,0.04445327783562612,-0.3243157881922522,-0.14371650614738465,-0.14371650614738465,-0.14371650614738465
1524884023.269506,0,1,140.8673625590824,49.13263744091759,77.45319073725722,57165.44444444444,3388.5555555555547,-0.3243157881922522,0.0017635749916632415,-27.45878874077903,0.009783600951926652,54106.78124028098,0.04657056804367877,0.0444423776085269,-0.32429181116433164,-0.12458700532913207,-0.12458700532913207,-0.12458700532913207
1524884023.293035,0,1,187.19480296638451,2.8051970336154852,46.327440407302106,53776.88888888888,3388.5555555555547,-0.3243309027151654,0.001748460468750046,-21.661810465339506,0.006187353582838728,54307.25421118776,0.046621345146942356,0.04447485485279719,-0.3243588534619946,-0.12458700532913207,-0.12458700532913207,-0.12458700532913207
1524884023.315221,0,1,190.63385076653685,0.6338507665368525,3.4390478001523377,50388.333333333336,3388.5555555555475,-0.3243588534619946,0.0017205097219208376,-18.37547640293985,0.004529347006054674,54318.17354401005,0.046565247415909734,0.044442833758877934,-0.3243015831443138,-0.1341027057361603,-0.14371650614738465,-0.14371650614738465
1524884023.339032,0,1,286.44426654895705,96.44426654895705,95.8104157824202,53776.88888888888,3388.5555555555475,-0.3243015831443138,0.0017777800396016619,-20.67137391668883,0.0057663232763836,54125.47010711882,0.046540368555677426,0.0444384069505618,-0.32431158383954856,-0.15333030655860902,-0.15333030655860902,-0.15333030655860902
1524884023.362916,0,1,160.08719411576695,29.91280588423305,126.3570724331901,53776.88888888888,0.0,-0.32431158383954856,0.0017677793443668932,-24.5180823952556,0.00870869806876906,53983.61874519216,0.046545699761496875,0.04444283384149275,-0.3243015833340624,-0.1628460069656372,-0.15333030655860902,-0.15333030655860902
1524884023.388774,0,1,178.31531913011312,11.684680869886876,18.228125014346176,65636.83333333333,11859.944444444445,-0.3243015833340624,0.0017777798498530561,-24.236450783611993,0.00892336891762835,54309.85193187125,0.04649509374466716,0.04444465172593931,-0.32430158333407655,-0.1341027057361603,-0.1341027057361603,-0.1341027057361603
1524884023.41168,0,1,159.99382450406085,30.006175495939146,18.32149462605227,60554.0,5082.8333333333285,-0.32434067501004066,0.0017386881738747917,-22.969835246756922,0.008009473660380961,54337.7102937927,0.04640609375833877,0.04447019457985009,-0.32436397169257225,-0.1149732049179077,-0.1149732049179077,-0.1149732049179077
1524884023.43515,0,1,177.1250697993606,12.874930200639398,17.13124529529975,50388.333333333336,10165.666666666664,-0.32436397169257225,0.001715391491343199,-12.94265934755646,0.0025399635919293173,54959.21985196012,0.04638100744938356,0.04447087450138694,-0.3243786311764539,-0.15333030655860902,-0.15333030655860902,-0.15333030655860902
1524884023.458999,0,1,251.15143794239225,61.15143794239225,74.02636814303165,58859.72222222222,8471.388888888883,-0.3243786311764539,0.0017007320074615695,-9.660893211415463,0.001444384889579431,55105.336528572094,0.04636928823316942,0.044477794845331715,-0.32442238290831615,-0.1341027057361603,-0.1341027057361603,-0.1341027057361603
1524884023.483125,0,1,196.09706104527848,6.09706104527848,55.05437689711377,53776.88888888888,5082.833333333336,-0.32442238290831615,0.0016569802755992957,-2.0193664521768055,6.308389387399416e-05,55614.500687783504,0.0463298689890643,0.044531946082935814,-0.32442966277913377,-0.1341027057361603,-0.1341027057361603,-0.1341027057361603
1524884023.505741,0,1,168.1304953470466,21.869504652953395,27.966565698231875,42687.07070707071,11089.818181818177,-0.32442966277913377,0.0016497004047816843,-11.018271456975405,0.001932380116829946,54713.286996284856,0.046319214959068655,0.044527969616117026,-0.32444943540492405,-0.14371650614738465,-0.14371650614738465,-0.14371650614738465
1524884023.530081,0,1,137.62352075535065,52.376479244649346,30.50697459169595,53776.88888888888,11089.818181818177,-0.3244647743701203,0.0016145888137951703,-13.68830560286716,0.002982256291838792,54443.928307158916,0.046403380016504764,0.04452683673978052,-0.3244647743701203,-0.1628460069656372,-0.1628460069656372,-0.1628460069656372
1524884023.552943,0,1,212.30701658515213,22.307016585152127,74.68349582980147,53776.88888888888,0.0,-0.32442500225437904,0.0016543609295364137,-13.607906489705675,0.0029474200364517644,54382.22732909148,0.04644270303051515,0.044531491614033664,-0.32441988874262145,-0.15333030655860902,-0.15333030655860902,-0.15333030655860902
1524884023.578522,0,1,204.80683879521663,14.806838795216635,7.500177789935492,53776.88888888888,0.0,-0.32441988874262145,0.0016594744412939955,-20.09966093257536,0.0067189906920021025,54187.38828135324,0.04642228521466808,0.04453239893539447,-0.3244394347327043,-0.14371650614738465,-0.14371650614738465,-0.14371650614738465
1524884023.600913,0,1,222.56135240637948,32.561352406379484,17.75451361116285,57165.44444444444,3388.5555555555547,-0.32444739315423554,0.0016319700296799078,-13.079931850895012,0.0029377965818979663,55191.775604797884,0.04627547012641846,0.04453750743463077,-0.3244440918929217,-0.15333030655860902,-0.15333030655860902,-0.15333030655860902
1524884023.622455,0,1,208.46434396623303,18.46434396623303,14.097008440146453,65636.83333333333,8471.38888888889,-0.3244440918929217,0.0016352712909937228,-7.571148195775091,0.000964949423920225,55844.887659648324,0.04626635907719328,0.04454171099975313,-0.3244292060195618,-0.17245980737686156,-0.17245980737686156,-0.17245980737686156
1524884023.646756,0,1,240.97340530533415,50.973405305334154,32.50906133910112,65636.83333333333,0.0,-0.3244292060195618,0.0016501571643536272,0.07210282021340031,8.927199945940602e-08,56184.75422246657,0.046270168087753256,0.044547722836850386,-0.3244534124677547,-0.10535940450668335,-0.10535940450668335,-0.10535940450668335
1524884023.67109,0,1,208.6586143581981,18.658614358198093,32.31479094713606,57165.44444444444,8471.38888888889,-0.32444716763430503,0.0016321955496104157,9.40518864367479,0.0015189580516471457,56889.402202137906,0.04629319882148832,0.044607886601279345,-0.32448490131755475,-0.14371650614738465,-0.14371650614738465,-0.14371650614738465
1524884023.696958,0,1,164.40331816444734,25.59668183555266,44.25529619375075,60554.0,3388.555555555562,-0.32448490131755475,0.0015944618663606969,20.552779356886195,0.007420058326797152,57629.388634318704,0.04621306679462463,0.044619683589797454,-0.3245284279931525,-0.12458700532913207,-0.12458700532913207,-0.12458700532913207
1524884023.720933,0,1,207.4850828313653,17.485082831365304,43.08176466691796,60554.0,0.0,-0.3245284279931525,0.0015509351907629365,21.64637340229143,0.008230694664851934,57711.954984746786,0.04612782934289375,0.044631702526440616,-0.32457684221601996,-0.17245980737686156,-0.17245980737686156,-0.12458700532913207
1524884023.746388,0,1,158.92446356525292,31.07553643474708,48.56061926611238,53776.88888888888,6777.111111111117,-0.32457684221601996,0.0015025209678954932,27.570838346950154,0.013032291089692172,58125.36653251297,0.04604359126900065,0.044637484814364234,-0.3245961632548997,-0.14371650614738465,-0.14371650614738465,-0.14371650614738465
1524884023.769802,0,1,179.83205904251122,10.167940957488781,20.907595477258297,52566.69047619047,1210.1984126984098,-0.3246028511165093,0.0014765120674061771,21.766412365654094,0.007580311860614031,57425.729513782266,0.04606708448207692,0.04456538358391468,-0.3246239739839849,-0.12458700532913207,-0.12458700532913207,-0.12458700532913207
1524884023.791384,0,1,202.48688731056745,12.486887310567454,22.654828268056235,57165.44444444444,4598.753968253965,-0.3246239739839849,0.0014553891999305457,15.00203577834671,0.0037676426685481212,57001.27322285468,0.04602817666940787,0.04455051340452851,-0.3246197629162078,-0.12458700532913207,-0.12458700532913207,-0.12458700532913207
1524884023.817245,0,1,196.76420535578805,6.76420535578805,5.722681954779404,53776.88888888888,3388.5555555555547,-0.3246197629162078,0.0014596002677076392,22.4989777412241,0.008474125372361252,57567.29234105193,0.045987577973964584,0.044561850618127924,-0.32464930754571936,-0.1341027057361603,-0.1341027057361603,-0.1341027057361603
1524884023.839361,0,1,172.42280816105463,17.577191838945367,24.341397194733418,57165.44444444444,3388.5555555555547,-0.32465351928444264,0.0014258438994728118,14.800044967995536,0.004039376316111176,57145.769107149354,0.04596506198983835,0.04454030215004531,-0.32461043912169263,-0.15333030655860902,-0.15333030655860902,-0.15333030655860902
1524884023.862733,0,1,162.95778426849753,27.042215731502466,9.465023892557099,57165.44444444444,0.0,-0.32461043912169263,0.0014689240622228206,23.31553518381109,0.009796889391923247,57958.11639622122,0.045909990444725386,0.044536766869466254,-0.32463998342390465,-0.15333030655860902,-0.18197550778388977,-0.18197550778388977
1524884023.887098,0,1,205.74850866430577,15.748508664305774,42.79072439580824,62248.277777777774,5082.833333333336,-0.32463998342390465,0.001439379760010795,19.852162382560167,0.007165640610513281,57745.03968623471,0.04592081234897925,0.044529418347828253,-0.32458645508641404,-0.15333030655860902,-0.15333030655860902,-0.15333030655860902
1524884023.910755,0,1,197.67037538024837,7.670375380248373,8.078133284057401,62248.277777777774,0.0,-0.3246164482835856,0.001462914900329848,27.946807566109747,0.013891714836220204,58525.61317537049,0.04584977601101916,0.04451392681599377,-0.3246753120750272,-0.1341027057361603,-0.1341027057361603,-0.1341027057361603
1524884023.936133,0,1,166.43180309036327,23.568196909636725,31.2385722898851,57165.44444444444,5082.833333333336,-0.3246753120750272,0.001404051108888249,28.80548742751684,0.01471066327787496,58387.13017157338,0.045878197944660845,0.04450017768352559,-0.3246955313995974,-0.15333030655860902,-0.15333030655860902,-0.10535940450668335
1524884023.957903,0,1,127.93339642299338,62.06660357700662,38.49840666736989,57165.44444444444,0.0,-0.3246955313995974,0.001383831784318057,22.73313361335317,0.009755945234344312,58165.86634749292,0.04588286748269361,0.044500401819397704,-0.32470041801723104,-0.1341027057361603,-0.1341027057361603,-0.1341027057361603
1524884023.979034,0,1,184.34542457821047,5.654575421789531,56.41202815521709,53776.88888888888,3388.5555555555547,-0.32470041801723104,0.0013789451666844088,16.737017224593565,0.004922895209025669,57395.15665415866,0.045824521752287246,0.044539232085740954,-0.32469373757497244,-0.19158930819511413,-0.19158930819511413,-0.19158930819511413
1524884024.001903,0,1,125.32770909453116,64.67229090546884,59.01771548367931,44653.854700854696,9123.034188034188,-0.3246935137409127,0.0013858494430027402,25.13287471554772,0.011348124311470476,57791.84500583681,0.04570474209914685,0.04454411389222986,-0.3246935137409127,-0.1341027057361603,-0.1341027057361603,-0.1341027057361603
1524884024.026263,0,1,132.9140668670871,57.08593313291291,7.586357772555928,53776.88888888888,9123.034188034188,-0.32463998400456867,0.001439379179346778,11.77683609662631,0.0026697238870877493,56898.15366275781,0.04566855584520468,0.04452902062213063,-0.324684410833243,-0.1628460069656372,-0.1628460069656372,-0.1628460069656372
1524884024.050299,0,1,121.82199598231061,68.17800401768939,11.092070884776476,53776.88888888888,0.0,-0.324684410833243,0.0013949523506724404,13.518786790050402,0.0035238477284037506,57165.21316233356,0.0456744032695698,0.04457206452219335,-0.3246930675143729,-0.15333030655860902,-0.15333030655860902,-0.15333030655860902
1524884024.073716,0,1,188.10694495427393,1.8930550457260722,66.28494897196332,60554.0,6777.111111111117,-0.3246628540702846,0.0014165091136308372,9.562276558352831,0.001924206786320326,57195.67060809436,0.04565680511401638,0.044565174913371204,-0.3246190972461932,-0.17245980737686156,-0.17245980737686156,-0.17245980737686156
1524884024.096255,0,1,186.97369326464613,3.02630673535387,1.133251689627798,57165.44444444444,3388.555555555562,-0.3246190972461932,0.0014602659377222493,13.470417325833125,0.003812867502931527,57422.96412492801,0.04558350128304786,0.04456517491285249,-0.3246190972462522,-0.12458700532913207,-0.12458700532913207,-0.12458700532913207
1524884024.11891,0,1,152.0208035416059,37.979196458394114,34.95288972304024,65636.83333333333,8471.38888888889,-0.32462753480718476,0.0014518283767306905,25.925572416827137,0.013158841796082843,58871.6116676314,0.04545678852966489,0.04462841766296918,-0.32461131825832806,-0.1341027057361603,-0.1341027057361603,-0.1341027057361603
1524884024.143995,0,1,216.8583174826871,26.858317482687113,64.83751394108123,70719.66666666667,5082.833333333343,-0.32461131825832806,0.0014680449255873862,39.040395641219675,0.029901856725627285,59929.55193218414,0.04546768237099455,0.04464195280770701,-0.32458621762138756,-0.1341027057361603,-0.1341027057361603,-0.1341027057361603
1524884024.167956,0,1,178.01866055231997,11.981339447680028,38.83965693036714,62248.277777777774,8471.388888888898,-0.3245575643837451,0.0015217988001703375,36.03401407132507,0.02537002738549421,59567.02790143487,0.04552692024257477,0.0446119955294626,-0.32457289217712804,-0.1341027057361603,-0.1341027057361603,-0.1341027057361603
1524884024.189833,0,1,146.03988450817027,43.960115491829725,31.978776044149697,53776.88888888888,8471.38888888889,-0.32457289217712804,0.0015064710067874132,40.85484636583617,0.03330210186784044,59693.801850781565,0.04550422907894888,0.0446102166960624,-0.3245337984034246,-0.15333030655860902,-0.15333030655860902,-0.15333030655860902
1524884024.213097,0,1,98.45696131036634,91.54303868963366,47.582923197803936,53776.88888888888,0.0,-0.3245337984034246,0.001545564780490838,28.780806181684433,0.017918276270619926,58964.6725006388,0.045508858437055176,0.04459091154821838,-0.3245395752530173,-0.15333030655860902,-0.15333030655860902,-0.1149732049179077
1524884024.236782,0,1,131.13447267609516,58.86552732390484,32.67751136572882,57165.44444444444,3388.5555555555547,-0.3245395752530173,0.001539787930898151,12.782646515669319,0.0038835549705819043,58074.81435183757,0.04550729425518504,0.04457294032030093,-0.32457467243490085,-0.1628460069656372,-0.1628460069656372,-0.1628460069656372
1524884024.25794,0,1,124.061902107064,65.938097892936,7.072570569031157,40706.74603174603,16458.69841269841,-0.32456845050322186,0.001510912680693588,3.516364356860383,0.00026510706102467196,57046.03608059353,0.045572280930678256,0.044602009171930836,-0.32456845050322186,0.04787280204772949,0.04787280204772949,0.04787280204772949
1524884024.282229,0,1,182.48242887524336,7.517571124756643,58.42052676817936,62248.277777777774,21541.531746031746,-0.3245420126448545,0.0015373505390609554,8.045047976306256,0.0013580828346011486,57625.15058275059,0.0455088205675762,0.04467900648698951,-0.3245404537575656,0.4215357180309296,0.4215357180309296,0.4215357180309296
1524884024.373297,0,1,161.35820662232433,28.64179337767567,21.124222252919026,53776.88888888888,8471.38888888889,-0.3245404537575656,0.001538909426349877,2.8955867893163054,0.00017593091298317987,57236.366263132826,0.045434504422178584,0.0447191721539269,-0.32456310862170673,0.1341027057361603,0.1341027057361603,0.1341027057361603
