1524442031.035197,0,0,129.25829302744896,4.258293027448957,24.304117761602953,439.7130664496617,11.60942215409176,-0.11869030117312329,0.0006346784954117946,-0.1341027057361603,-0.12458700532913207,0.05413167119885979,0.003843149602084539,442.98708710099595
1524442031.071155,0,0,104.40584087546647,20.594159124533533,24.85245215198249,405.49930184656085,34.213764603100856,-0.11869458681485709,0.0006303928536779968,-0.15333030655860902,-0.15333030655860902,0.049245367525041925,0.0030582358075276206,442.66759775659193
1524442031.106426,0,0,104.88788331051569,20.11211668948431,0.4820424350492232,457.20665087600577,51.70734902944491,-0.11871509316838219,0.0006098865001528953,-0.14371650614738465,-0.14371650614738465,0.07743277560130594,0.007210914027958371,443.9346896935725
1524442031.127761,0,0,94.85107056295465,30.148929437045354,10.036812747561044,431.6700414550724,25.53660942093336,-0.1187125877950234,0.0006123918735116834,-0.12458700532913207,-0.14371650614738465,0.018859101910087866,0.00040315594342832384,438.33625752857944
1524442031.145176,0,0,75.32470146549797,49.67529853450203,19.52636909745668,363.5317818638022,68.13825959127018,-0.11870121002377086,0.0006237696447642244,-0.12458700532913207,-0.12458700532913207,-0.0015091397151015952,2.531308937459009e-06,435.9151349518697
1524442031.165264,0,0,83.33449134621127,41.665508653788734,8.0097898807133,419.44041313659983,55.90863127279761,-0.11867627026413531,0.0006487094043997749,-0.10535940450668335,-0.10535940450668335,-0.014758233785746686,0.00024000755317954425,434.79780097164576
1524442031.184859,0,0,106.5459622135154,18.454037786484605,23.21147086730413,429.5945460959233,10.154132959323476,-0.11863877280177536,0.0006862068667597282,-0.1341027057361603,-0.1341027057361603,-0.01683357251404244,0.0003103330185795228,435.806693980922
1524442031.203212,0,0,60.289526822642664,64.71047317735733,46.25643539087273,484.2064736547065,54.61192755878318,-0.11864421133396111,0.0006807683345739779,-0.05748660245895385,-0.05748660245895385,0.02189366535063717,0.0004968763449169078,440.65855545596673
1524442031.222396,0,0,124.77443595670609,0.22556404329391455,64.48490913406343,442.93903898032437,41.267434674382116,-0.11865969730049591,0.0006652823680391717,-0.12458700532913207,-0.12458700532913207,-0.016633338303996312,0.0002792053740532374,436.48045713872153
1524442031.241841,0,0,187.29205774457026,62.29205774457026,62.51762178786417,404.3355837570084,38.60345522331596,-0.11866531326799633,0.0006596664005387581,-0.12458700532913207,-0.12458700532913207,-0.022097666123155658,0.0004955444236263151,436.6282321013246
1524442031.261139,0,0,119.21792858774619,5.7820714122538135,68.07412915682407,467.80006996522826,63.46448620821985,-0.11866369108959504,0.0006612885789400447,-0.1149732049179077,-0.1149732049179077,-0.04183632915843659,0.0017629654926932803,435.4566359784199
1524442031.279939,0,0,87.09015820554934,37.90984179445066,32.12777038219684,419.8325298946156,47.96754007061264,-0.11865556978391044,0.0006694098846246471,-0.12458700532913207,-0.12458700532913207,-0.0791657171004681,0.006139618110429401,431.5897547924899
1524442031.296844,0,0,79.17615049859101,45.823849501408986,7.91400770695833,402.791362991242,17.041166903373608,-0.1186462182626258,0.0006787614059092922,-0.09584370409965515,-0.09584370409965515,-0.0654174809001929,0.004106930012488075,433.20777993649693
1524442031.314207,0,0,112.39817457441616,12.60182542558384,33.222024075825146,441.0103812353389,38.2190182440969,-0.1186251509472994,0.0006998287212356818,-0.12458700532913207,-0.12458700532913207,-0.044765758507877264,0.001859468784584206,434.7214457522098
1524442031.331282,0,0,93.22872365741311,31.771276342586887,19.169450917003047,440.25778094774006,0.7526002875988524,-0.11858580082426222,0.000739178844272867,-0.1149732049179077,-0.1149732049179077,-0.0903111788047488,0.007431110807770147,430.0733383805704
1524442031.352616,0,0,108.825164809083,16.174835190916994,15.596441151669893,378.4752829401338,61.78249800760625,-0.11855036961409623,0.0007746100544388512,-0.1149732049179077,-0.1149732049179077,-0.08593945050681238,0.006481520636907101,429.49303666312045
1524442031.370493,0,0,97.97015807073639,27.02984192926361,10.855006738346617,416.94511496070004,38.46983202056623,-0.11854173243031824,0.0007832472382168498,-0.17245980737686156,-0.15333030655860902,-0.08928619231547948,0.006997360394833785,428.6873411676042
1524442031.387167,0,0,85.62542258096721,39.37457741903279,12.344735489769178,389.92048832091587,27.024626639784174,-0.11855507665352327,0.0007699030150118136,-0.12458700532913207,-0.17245980737686156,-0.15356114045714275,0.019854743299467903,422.862844770119
1524442031.404951,0,0,110.52201306839993,14.477986931600071,24.896590487432718,370.232877906852,19.68761041406384,-0.11857554968236467,0.000749429986170419,-0.1341027057361603,-0.1341027057361603,-0.13985419947267522,0.016823780852557202,422.7828338436164
1524442031.42253,0,0,102.64289600891505,22.357103991084955,7.879117059484884,397.3576374360157,27.12475952916367,-0.11858083232221775,0.0007441473463173365,-0.12458700532913207,-0.12458700532913207,-0.18081605731681663,0.027529914558678037,418.63320749563303
1524442031.44263,0,0,89.44934735929859,35.550652640701415,13.19354864961646,391.5466683299501,5.810969106065613,-0.11854850219981654,0.0007764774687185477,-0.1149732049179077,-0.1149732049179077,-0.21042646476773874,0.03724221403722239,416.69933463071567
1524442031.460932,0,0,132.53461463769438,7.534614637694375,43.08526727839579,421.4759133311486,29.929245001198524,-0.11852356218176788,0.0008014174867672086,-0.14371650614738465,-0.14371650614738465,-0.23763394029902452,0.04475123933580838,414.32789168018604
1524442031.479109,0,0,124.50789205807564,0.4921079419243597,8.026722579618735,449.1852609777497,27.70934764660109,-0.11849962403769895,0.0008253556308361332,-0.1628460069656372,-0.1628460069656372,-0.22523642234438354,0.03987431609098657,416.04951865657625
1524442031.497048,0,0,107.96613092715317,17.033869072846826,16.541761130922467,431.07369946133923,18.11156151641046,-0.11847905106761901,0.0008459286009160766,-0.12458700532913207,-0.12458700532913207,-0.22972341453283004,0.039784195786403354,415.94329533419005
1524442031.517046,0,0,100.19627269263897,24.80372730736103,7.769858234514203,459.5518583589315,28.478158897592266,-0.11845293242640834,0.00087204724212675,-0.14371650614738465,-0.14371650614738465,-0.25276181478711535,0.04816507875604337,414.0537690605922
1524442031.537002,0,0,105.80123929348748,19.198760706512516,5.604966600848513,390.2034743348302,69.34838402410128,-0.11844284441683393,0.0008821352517011521,-0.1149732049179077,-0.1149732049179077,-0.2513993894287316,0.04605857155717851,414.15690587822905
1524442031.557265,0,0,98.2559109558476,26.744089044152403,7.545328337639887,456.1443618328262,65.94088749799596,-0.11843993053680418,0.0008850491317309028,-0.09584370409965515,-0.09584370409965515,-0.28021132218124295,0.05793060229303981,412.59277982195357
1524442031.578287,0,0,121.32665074889474,3.6733492511052646,23.07073979304714,458.49235486778554,2.3479930349593587,-0.11844026845767297,0.0008847112108621158,-0.1149732049179077,-0.1149732049179077,-0.2209192864705042,0.03589778685442413,416.69878995667943
1524442031.596034,0,0,114.18879116318924,10.811208836810764,7.137859585705499,424.2183019713262,34.27405289645935,-0.11848310601000478,0.0008418736585303066,-0.08622990368843078,-0.08622990368843078,-0.1690422299824207,0.0212511537280049,419.823813863431
1524442031.615364,0,0,91.7149866576179,33.2850133423821,22.473804505571337,457.5157727013948,33.297470730068596,-0.11852767698575419,0.000797302682780901,-0.08622990368843078,-0.08622990368843078,-0.21391202649579283,0.03388678821462465,416.4833162612552
1524442031.633096,0,0,85.66620908077356,39.333790919226445,6.048777576844344,396.45376981105875,61.06200289033603,-0.11856866047817126,0.0007563191903638272,-0.1149732049179077,-0.12458700532913207,-0.25135065587661,0.04611103022053742,413.0213456155073
1524442031.651483,0,0,89.23111332817608,35.76888667182392,3.5649042474025237,375.6284797947533,20.825290016305473,-0.11858514655836645,0.0007398331101686334,-0.10535940450668335,-0.10535940450668335,-0.26238114048643607,0.050184305666214235,411.48012215007424
1524442031.670263,0,0,94.33169904140065,30.668300958599346,5.100585713224575,463.52644350029476,87.89796370554149,-0.11858105404730634,0.0007439256212287415,-0.10535940450668335,-0.10535940450668335,-0.23747989368398278,0.04038177366351314,414.040873566811
1524442031.689436,0,0,67.44605204993776,57.55394795006224,26.88564699146289,428.92000202765774,34.606441472637016,-0.11854758973752146,0.0007773899310136306,-0.1149732049179077,-0.1149732049179077,-0.20875734975593613,0.031237875351669105,415.6103522576171
1524442031.706885,0,0,114.40407011642533,10.59592988357467,46.95801806648757,425.0832306566522,3.836771371005568,-0.11854563346063164,0.0007793462079034447,-0.1341027057361603,-0.1341027057361603,-0.24493415148487288,0.04227036347423374,412.22226773588466
1524442031.727301,0,0,143.3289790201337,18.328979020133687,28.924908903708356,404.2910684531278,20.792162203524356,-0.11855354264627231,0.0007714370222627748,-0.1149732049179077,-0.1149732049179077,-0.2403448705342479,0.0412039064371299,410.36431447485705
1524442031.745854,0,0,118.32507071061907,6.674929289380927,25.003908309514614,385.09489807028757,19.19617038284025,-0.11855321199461183,0.0007717676739232571,-0.1341027057361603,-0.1341027057361603,-0.17326140865951004,0.021196884040111885,415.2392861055732
1524442031.766596,0,0,118.77457896543562,6.225421034564377,0.4495082548165499,465.34397657457976,80.24907850429219,-0.11853780108569771,0.0007871785828373751,-0.12458700532913207,-0.12458700532913207,-0.15146230426194648,0.015743555318831648,416.4837804972535
1524442031.784422,0,0,134.38968949811343,9.389689498113427,15.615110532677804,474.6286583991775,9.284681824597726,-0.1184465416348696,0.0008784380336654823,-0.15333030655860902,-0.15333030655860902,-0.14849733295136866,0.015459686507502624,417.2940766866263
1524442031.801766,0,0,87.49398700892102,37.506012991078975,46.8957024891924,445.9559157861031,28.672742613074377,-0.11837960604618862,0.0009453736223464654,-0.1341027057361603,-0.1341027057361603,-0.10468446225426269,0.007988938956669855,419.9337750151769
1524442031.820558,0,0,97.98146507691327,27.018534923086733,10.487478067992242,456.6249137966006,10.66899801049749,-0.11831906059922204,0.0010059190693130493,-0.1341027057361603,-0.1341027057361603,-0.05970977149832609,0.0025570559566437945,422.27628330870004
1524442031.837417,0,0,81.65445856230212,43.345541437697875,16.327006514611142,421.43057503287463,35.194338763725966,-0.11828873567898746,0.0010362439895476305,-0.14371650614738465,-0.14371650614738465,-0.051445243979729494,0.0018934123955468563,423.2525817493211
1524442031.857118,0,0,129.4558994967345,4.455899496734503,47.80144093443238,447.50259718703455,26.072022154159924,-0.11824832708769939,0.0010766525808356964,-0.1341027057361603,-0.1341027057361603,-0.04285636606492384,0.0013179789572289602,424.3345514851119
1524442031.875651,0,0,81.73042624812956,43.26957375187044,47.72547324860494,437.72217058499837,9.780426602036187,-0.11823016874683356,0.0010948109217015223,-0.1149732049179077,-0.1149732049179077,0.0022168697341374676,3.515517050578509e-06,427.5316969809375
1524442031.894213,0,0,102.88059281247259,22.119407187527415,21.150166564343024,416.8311019359806,20.891068649017768,-0.11822019381135318,0.0011047858571819058,-0.15333030655860902,-0.15333030655860902,-0.010445592087547362,7.358802198409453e-05,426.2027244157815
1524442031.912886,0,0,64.12736534071375,60.87263465928625,38.753227471758834,418.124579530778,1.293477594797423,-0.11819378849312942,0.0011311911754056658,-0.12458700532913207,-0.12458700532913207,-0.022391855579394455,0.00033319721176605643,424.02834341759467
1524442031.930357,0,0,80.1934436755791,44.806556324420896,16.066078334865352,386.70352095516563,31.421058575612392,-0.11815914357148083,0.001165836097054257,-0.1341027057361603,-0.1341027057361603,-0.04987038327956257,0.001603398103517839,421.1698891021047
1524442031.949045,0,0,56.605011837674034,68.39498816232597,23.58843183790507,397.46001421790896,10.756493262743334,-0.11813823999812807,0.0011867396704070138,-0.1341027057361603,-0.1341027057361603,-0.06086918698049688,0.002372564938522892,419.6016633976271
1524442031.96714,0,0,86.00083475909874,38.99916524090126,29.395822921424703,429.2282652381873,31.768251020278342,-0.11814626084714386,0.001178718821391228,-0.1341027057361603,-0.1341027057361603,-0.03816467837999204,0.0009281982763647001,421.49515970188867
1524442031.986458,0,0,82.74732057291858,42.25267942708142,3.253514186180155,450.9065296724942,21.67826443430687,-0.1181332592769453,0.0011917203915897817,-0.15333030655860902,-0.1341027057361603,-0.041203841900269024,0.0010797763840584285,421.85805636755657
1524442032.006761,0,0,107.2396886758636,17.760311324136396,24.492368102945022,449.37164155974807,1.5348881127461027,-0.11811678148719913,0.0012081981813359538,-0.1628460069656372,-0.1628460069656372,-0.04679917389494865,0.0013792879461903553,420.5090883506553
1524442032.027151,0,0,63.23476465385354,61.76523534614646,44.004924022010066,424.4449486079913,24.926692951756763,-0.11810030854578861,0.0012246711227464763,-0.08622990368843078,-0.08622990368843078,-0.04014313002612316,0.0010058381264995697,420.9131099179865
1524442032.046496,0,0,104.1978419671364,20.802158032863602,40.96307731328286,413.3086370716487,11.136311536342589,-0.11809476639777497,0.0012302132707601166,-0.12458700532913207,-0.12458700532913207,-0.02336053510337441,0.00033652284212681843,422.94665530088645
1524442032.064116,0,0,96.49853367517562,28.501466324824378,7.699308291960776,448.1889534460092,34.88031637436046,-0.11805363502008652,0.0012713446484485663,-0.14371650614738465,-0.14371650614738465,-0.013240475675613417,0.00010863636425517686,422.4143221239756
1524442032.083528,0,0,102.08171643771145,22.91828356228855,5.583182762535827,418.96777267172934,29.221180774279844,-0.11802533028931493,0.0012996493792201552,-0.1149732049179077,-0.1149732049179077,0.03309032691086691,0.0006951703433730749,425.88611608660017
1524442032.104679,0,0,91.47682996178821,33.52317003821179,10.604886475923237,410.8261383740712,8.141634297658129,-0.11800504470759056,0.0013199349609445271,-0.15333030655860902,-0.15333030655860902,-0.029350301262843402,0.0005321577913831588,419.70409698752553
1524442032.124252,0,0,69.63735474807906,55.36264525192094,21.83947521370915,348.71152197358924,62.114616400481964,-0.11798431564149159,0.0013406640270434977,-0.14371650614738465,-0.14371650614738465,-0.07750683992941364,0.0037290912758544126,415.9191448544113
1524442032.144163,0,0,64.26090835545152,60.73909164454848,5.3764463926275425,392.2573572722981,43.54583529870888,-0.11796890522027453,0.0013560744482605525,-0.17245980737686156,-0.17245980737686156,-0.1393367023699572,0.01170086049126562,411.45143656572316
1524442032.163965,0,0,73.4063181669156,51.5936818330844,9.145409811464077,404.0797933989693,11.822436126671164,-0.1179506912630079,0.0013742884055271826,-0.1628460069656372,-0.1628460069656372,-0.1333301347941036,0.010744888660966567,411.92859175722947
1524442032.183666,0,0,91.48787033072745,33.512129669272554,18.08155216381185,404.5831146185763,0.5033212196070167,-0.11793706580359677,0.00138791386493832,-0.1341027057361603,-0.1341027057361603,-0.14729667620068565,0.013060235962109923,408.7787904757106
1524442032.203433,0,0,79.00508914447204,45.99491085552796,12.482781186255409,354.22502608988316,50.358088528693145,-0.11789271298186466,0.0014322666866704303,-0.15333030655860902,-0.15333030655860902,-0.09701858206443814,0.005929340048646425,410.14144359312684
1524442032.223228,0,0,85.83835013110455,39.16164986889545,6.83326098663251,414.9720444841059,60.74701839422272,-0.11788710713014311,0.0014378725383919766,-0.10535940450668335,-0.10535940450668335,-0.1427584669123527,0.012773090651791996,406.9662708199454
1524442032.243671,0,0,128.24085943170792,3.240859431707918,42.40250930060337,366.7939427968736,48.1781016872323,-0.11788452798629895,0.001440451682236138,-0.10535940450668335,-0.10535940450668335,-0.13715069407145689,0.011543378886966105,406.26548757112613
1524442032.264337,0,0,81.68774861051257,43.31225138948743,46.55311082119535,422.6303101451728,55.836367348299234,-0.11787776028649716,0.0014472193820379287,-0.12458700532913207,-0.1149732049179077,-0.1392149074107586,0.011778982258970118,405.92679215826314
1524442032.28286,0,0,91.52761621857537,33.472383781424625,9.839867608062804,398.82048702727025,23.809823117902567,-0.11789335282957698,0.0014316268389581027,-0.15333030655860902,-0.15333030655860902,-0.14626569194119948,0.013060406685934334,405.7627268401734
1524442032.30234,0,0,94.49271214805428,30.50728785194572,2.965095929478906,439.8294747929287,41.008987765658446,-0.11791611778009481,0.001408861888440277,-0.15333030655860902,-0.15333030655860902,-0.12887346237587707,0.01036803500983663,406.5235915981962
1524442032.322725,0,0,82.7033218491455,42.296678150854504,11.789390298908785,431.74935323805084,8.080121554877849,-0.11794729749967629,0.0013776821688587931,-0.1149732049179077,-0.1149732049179077,-0.08006024111593717,0.0039487794436876555,410.46523293673164
1524442032.341817,0,0,103.4465091375259,21.553490862474106,20.743187288380398,401.0221406672743,30.727212570776544,-0.11794791990873572,0.0013770597597993622,-0.1149732049179077,-0.14371650614738465,-0.0407482293374252,0.0010047094139513657,413.76856721022904
1524442032.359259,0,0,75.8735823509673,49.1264176490327,27.572926786558597,466.1548269550626,65.13268628778832,-0.11792078960124563,0.0014041900672894514,-0.10535940450668335,-0.10535940450668335,-0.0636602377916968,0.0024794428427669097,412.74915239274475
1524442032.379623,0,0,83.16054170249737,41.83945829750263,7.286959351530072,390.20888313704137,75.94594381802125,-0.1178990985006377,0.0014258811678973804,-0.14371650614738465,-0.14371650614738465,-0.1318924806035466,0.010673034631404342,407.9099907853822
1524442032.398906,0,0,121.99907253691565,3.000927463084352,38.83853083441828,411.1857987452227,20.976915608181343,-0.11789501381951849,0.0014299658490165984,-0.12458700532913207,-0.1341027057361603,-0.14321986158758365,0.012600239533223534,407.14684896999944
1524442032.417364,0,0,72.72915196055821,52.27084803944179,49.269920576357435,395.3732439448898,15.812554800332919,-0.11789641886641211,0.0014285608021229745,-0.12458700532913207,-0.12458700532913207,-0.18564313480041797,0.021209559189592112,404.0816850345294
1524442032.438493,0,0,75.41191605287058,49.58808394712942,2.682764092312368,416.99542290587374,21.622178960983945,-0.11789160225104735,0.0014333774174877384,-0.1341027057361603,-0.1341027057361603,-0.24853310844141918,0.03676046083582707,397.8820789032873
1524442032.455872,0,0,92.03648907646978,32.96351092353022,16.624573023599197,337.7341949927591,79.26122791311462,-0.11788465664722725,0.0014403230213078377,-0.12458700532913207,-0.12458700532913207,-0.2803991247760469,0.04778644439556367,394.5561635923971
1524442032.474034,0,0,48.67820152825561,76.32179847174439,43.358287548214165,360.6281231864514,22.89392819369226,-0.1178710931445922,0.0014538865239428905,-0.09584370409965515,-0.09584370409965515,-0.27777794821652946,0.04728780387306997,393.73948265829995
1524442032.494373,0,0,71.13038485395266,53.86961514604734,22.45218332569705,391.61360235024114,30.985479163789762,-0.11786212986852816,0.001462849800006924,-0.12458700532913207,-0.12458700532913207,-0.2969686971580173,0.05481052293486255,390.9383832995024
1524442032.513,0,0,76.93437502535595,48.06562497464405,5.803990171403285,407.85424314772143,16.240640797480296,-0.11784722327140539,0.0014777563971297009,-0.14371650614738465,-0.14371650614738465,-0.25217570930107286,0.03778668302300736,395.3912900095751
1524442032.532035,0,0,110.13438929268575,14.865610707314246,33.200014267329806,469.63309682854805,61.778853680826614,-0.11779537845727994,0.0015296012112551438,-0.10535940450668335,-0.10535940450668335,-0.216593370868639,0.028377314315933374,398.4754253144472
1524442032.551042,0,0,64.39226028795741,60.60773971204259,45.74212900472834,406.60685673506606,63.02624009348199,-0.11775647759894067,0.001568502069594413,-0.12458700532913207,-0.12458700532913207,-0.2713573962358608,0.0424362012885513,392.42823179931656
1524442032.57016,0,0,68.78233657880493,56.21766342119507,4.390076290847517,377.85989503328216,28.746961701783903,-0.11772800412239012,0.001596975546144963,-0.1149732049179077,-0.1149732049179077,-0.24591890665077845,0.03537594951645907,392.14087648250836
1524442032.588337,0,0,64.75870152489358,60.24129847510642,4.023635053911349,362.41097524780065,15.448919785481507,-0.11767666308194,0.0016483165865950888,-0.1628460069656372,-0.1628460069656372,-0.2667451083260036,0.04207910592894004,389.37742289593547
1524442032.607254,0,0,127.8742596851062,2.874259685106196,63.115558160212615,335.5681174439821,26.84285780381856,-0.11765906276857076,0.0016659168999643287,-0.12458700532913207,-0.12458700532913207,-0.2760252329297536,0.04396414792615477,388.0092609620127
1524442032.625378,0,0,47.33374479056297,77.66625520943703,80.54051489454324,391.43588100697525,55.86776356299316,-0.11767016864494118,0.0016548110235939106,-0.1341027057361603,-0.1341027057361603,-0.27792337333641737,0.04472909187135432,388.32432877906257
1524442032.64782,0,0,108.04319389616671,16.956806103833287,60.709449105603746,390.5254332690738,0.9104477379014497,-0.1176744878486004,0.0016504918199346796,-0.1341027057361603,-0.1341027057361603,-0.3103602496235836,0.055709652068905546,385.83456425992654
1524442032.665934,0,0,83.95287623909083,41.04712376090917,24.090317657075886,435.267762678613,44.742329409539195,-0.11765330071474424,0.0016716789537908477,-0.10535940450668335,-0.10535940450668335,-0.26089694203107583,0.03994310901358922,388.5799264722443
1524442032.68396,0,0,102.43309567892823,22.566904321071775,18.4802194398374,374.9775834271959,60.2901792514171,-0.11763222138573408,0.0016927582828010074,0.18197550778388977,0.18197550778388977,-0.2661888445245521,0.04138969957264205,387.82279697004935
1524442032.70384,0,0,61.009866208155664,63.990133791844336,41.42322947077256,384.21078872892826,9.233205301732369,-0.11761994436801516,0.001705035300519922,0.06710040287017822,0.06710040287017822,-0.2905793265481879,0.04972085159196782,385.4659554865766
1524442032.723891,0,0,90.51290312140605,34.487096878593945,29.50303691325039,379.2939818206485,4.916806908279739,-0.1176172610863353,0.0017077185821997853,0.8718147372913361,0.8718147372913361,-0.3463920004581569,0.06923553294072006,380.38174025316977
1524442032.747822,0,0,90.77878275927303,34.22121724072697,0.26587963786697344,366.95450975858813,12.339472062060395,-0.11755431680963517,0.0017706628588999157,1.6669152713012694,1.6669152713012694,-0.3625225268255912,0.07699192500550744,376.697750982374
1524442032.766446,0,0,37.96447252838849,87.03552747161152,52.81431023088454,368.1438710460855,1.189361287497377,-0.11751445804345968,0.0018105216250754036,0.967560341386795,0.967560341386795,-0.3563445680143237,0.0762852309282751,376.2230554449047
1524442032.785969,0,0,75.08908416226778,49.91091583773222,37.12461163387929,340.7831641470065,27.36070689907899,-0.1175089102765392,0.0018160693919958837,-0.25868971106529237,-0.25868971106529237,-0.3614309530907037,0.07775111521203171,374.35061318872937
1524442032.804751,0,0,103.67174514681695,21.328254853183054,28.582660984549165,324.34834264995123,16.43482149705528,-0.11750577463194935,0.0018192050365857387,0.622738826637268,0.622738826637268,-0.3830019014103863,0.0847183492905399,370.64109732920855
1524442032.826013,0,0,87.4259309193779,37.574069080622095,16.24581422743904,354.1388655534431,29.790522903491876,-0.11752181324006088,0.0018031664284742094,-0.5747679245853424,-0.5747679245853424,-0.41534581174929847,0.09999409576566543,366.13615155192167
1524442032.843625,0,0,66.38972268570488,58.61027731429512,21.036208233673023,303.668949131121,50.469916422322115,-0.11759593371473312,0.0017290459538019665,-0.680225429096222,-0.680225429096222,-0.3906635722089875,0.08724889415693082,366.5805636846236
1524442032.863181,0,0,81.44668378488177,43.55331621511823,15.056961099176888,384.621802257137,80.95285312601601,-0.11767527158236045,0.0016497080861746366,0.25868971106529237,0.25868971106529237,-0.35244535207883937,0.07182552216323235,368.73824147451114
1524442032.882695,0,0,93.93185221375307,31.068147786246925,12.485168428871305,411.1204245149547,26.498622257817715,-0.11785279426101494,0.0014721854075201435,-0.3256920139312744,-0.3256920139312744,-0.3057164918218311,0.0540400693421651,372.56236722874183
1524442032.902184,0,0,77.18615917697844,47.813840823021565,16.74569303677464,444.6955324191243,33.575107904169556,-0.11788536552594041,0.001439614142594678,0.14371650614738465,0.14371650614738465,-0.2818711793918971,0.047005789588588254,374.0522780563452
1524442032.919575,0,0,52.21375310797672,72.78624689202329,24.972406069001714,404.3221831341951,40.37334928492919,-0.11791629653396857,0.0014086831345665185,-0.5843817249965667,-0.5843817249965667,-0.2536648227489596,0.038111879272993095,376.695504992531
1524442032.939258,0,0,98.74338073720982,26.25661926279018,46.5296276292331,436.4523171444368,32.130134010241704,-0.11795294974807927,0.0013720299204558195,-0.5843817249965667,-0.5843817249965667,-0.2734129477525485,0.045055045532323756,375.78936013548923
1524442032.95632,0,0,88.3299805425076,36.6700194574924,10.41340019470222,356.93568154295684,79.51663560147995,-0.11804868970252334,0.0012762899660117427,-0.2778192118835449,-0.2778192118835449,-0.26995580338936287,0.044223915928152786,374.78780077110434
1524442032.975556,0,0,107.27688874458579,17.72311125541421,18.94690820207819,389.1232306518218,32.18754910886497,-0.11808805762712861,0.0012369220414064769,0.38317861639022827,0.38317861639022827,-0.2654373297485885,0.043017794818769106,372.9840837966617
1524442032.992917,0,0,75.02949431520862,49.97050568479138,32.24739442937717,343.6634429564394,45.45978769538243,-0.11810260669416417,0.0012223729743709166,-0.7759710331916809,-0.7759710331916809,-0.2797350559920607,0.04699053617418325,370.8296218817048
1524442033.011523,0,0,61.53034480452275,63.46965519547725,13.499149510685875,356.7260184077618,13.062575451322402,-0.11808149280033395,0.001243486868201138,0.5747679245853424,0.5747679245853424,-0.2709308548953188,0.04406882168943149,371.5706948307552
1524442033.032645,0,0,50.20703959145518,74.79296040854481,11.32330521306757,393.04470095811786,36.31868255035607,-0.11803456732305194,0.0012904123454831468,-0.7089687303256988,-0.7089687303256988,-0.25378547772694965,0.03900125470999949,371.9332568416449
1524442033.06778,0,0,59.73076603073198,65.26923396926802,9.5237264392768,312.372029058537,80.67267189958085,-0.11798058974592195,0.00134438992261314,-0.7089687303256988,-0.7089687303256988,-0.23869528612968388,0.03538155408176935,369.6444098554915
1524442033.085381,0,0,50.14539290203711,74.85460709796288,9.585373128694869,388.53980021931665,76.16777116077964,-0.11795013275963732,0.0013748469088977616,0.06710040287017822,0.06710040287017822,-0.23988978816461698,0.03576799166536526,368.56790399931555
1524442033.10246,0,0,64.44598991878574,60.55401008121426,14.300597016748632,361.51009074714324,27.02970947217341,-0.11794277321941422,0.0013822064491208624,-0.038357101640701295,-0.038357101640701295,-0.2436040852816407,0.037063042073130825,369.49135219846534
1524442033.12119,0,0,53.6861325222045,71.3138674777955,10.75985739658124,377.8897457934816,16.37965504633837,-0.11795666189360027,0.0013683177749348185,0.3256920139312744,-0.6993549299144746,-0.31730089373100195,0.05944277287279087,362.04701240610825
1524442033.139415,0,0,66.69628684255083,58.30371315744917,13.01015432034633,323.4776844232306,54.412061370251024,-0.11798497640920433,0.0013400032593307576,-0.4598928196716308,-0.4598928196716308,-0.3123504927135565,0.05765756520383902,362.4281434426833
1524442033.158546,0,0,55.34916877492725,69.65083122507275,11.347118067623583,384.655531358607,61.17784693537641,-0.11803919492676651,0.0012857847417685753,0.6993549299144746,0.6993549299144746,-0.3079988927244712,0.05612257045732916,362.4554117865489
1524442033.177291,0,0,48.72919648682347,76.27080351317653,6.6199722881037815,373.15824849204347,11.497282866563523,-0.11823088372311541,0.0010940959454196764,-0.8622009368801117,-0.8622009368801117,-0.3332811235311043,0.06541585403384842,359.37824817175823
1524442033.196768,0,0,79.31872157031603,45.68127842968397,30.58952508349256,359.45999469484605,13.698253797197424,-0.11830342542041031,0.0010215542481247786,0.12458700532913207,-0.31617631352424624,-0.3721840264098861,0.08082721747484933,356.52326130953014
1524442033.217522,0,0,65.90491972428153,59.09508027571847,13.413801846034502,315.6935831671641,43.76641152768195,-0.11832870776912591,0.000996271899409179,-0.3256920139312744,-0.3256920139312744,-0.35796163085859617,0.07316017244308792,355.9044460752267
1524442033.236866,0,0,27.031800041598007,97.968199958402,38.87311968268352,382.420998741107,66.72741557394289,-0.11834458249796938,0.0009803971705657083,0.038357101640701295,0.038357101640701295,-0.3541222485564453,0.07089052509504457,357.84216842632856
1524442033.256556,0,0,52.42712421659528,72.57287578340473,25.395324174997274,429.4142091598989,46.99321041879193,-0.11846111690457992,0.0008638627639551699,0.9963036426162719,0.9963036426162719,-0.2977902439549331,0.05208224023776109,360.446088791329
1524442033.274448,0,0,63.437869055501835,61.562130944498165,11.010744838906554,365.64986788346914,63.764341276429775,-0.11854662487560501,0.0007783547929300777,-0.526895122537613,-0.526895122537613,-0.33252988056861443,0.06464973704784138,356.6948673796769
1524442033.29042,0,0,88.37343013452039,36.62656986547961,24.935561079018555,335.44065298954933,30.209214893919807,-0.11861632725888979,0.000708652409645294,-0.9771741417980194,-0.9771741417980194,-0.3262323644844524,0.06247236506306664,355.8203184327274
1524442033.308698,0,0,47.8439984107741,77.1560015892259,40.52943172374629,314.0827521099998,21.35790087954956,-0.1186702849185156,0.0006546947500194883,-0.469408520078659,-0.469408520078659,-0.3279736374552738,0.06284206699537143,353.5573345251236
1524442033.326961,0,0,48.028739259210774,76.97126074078923,0.18474084843667526,395.8824494816363,81.79969737163651,-0.11872957714114028,0.0005954025273948033,-0.4598928196716308,-0.4598928196716308,-0.31089179717716214,0.05594014156336791,354.3647782331713
1524442033.344867,0,0,74.65623618895184,50.34376381104816,26.627496929741064,376.9103790197878,18.97207046184849,-0.11880810209498655,0.0005168775735485409,-0.5747679245853424,-0.5747679245853424,-0.30045550226808987,0.053276368812331,352.11039165757694
1524442033.3629,0,0,64.31957031851611,60.680429681483886,10.336665870435723,289.5405413167072,87.36983770308058,-0.1188943042459194,0.0004306754226156839,-0.15333030655860902,-0.15333030655860902,-0.3574975607553586,0.0726541809060266,345.716296651949
1524442033.381472,0,0,48.270391125473374,76.72960887452663,16.04917919304274,295.79019322319357,6.249651906486349,-0.1189545309962785,0.0003704486722565792,0.49815182130813596,0.49815182130813596,-0.34667585292808756,0.06866603740795207,345.8075501355765
1524442033.399362,0,0,46.440726905174245,78.55927309482576,1.8296642202991293,332.7703518369368,36.98015861374324,-0.11899322771862061,0.00033175194991447166,-0.7377120315551758,-0.7377120315551758,-0.31613035182475513,0.057386299583541134,347.2028840705623
1524442033.417861,0,0,92.03687822191033,32.96312177808967,45.59615131673608,340.6546746227863,7.884322785849463,-0.11902197382180231,0.0003030058467327762,0.06710040287017822,0.06710040287017822,-0.3094541418064203,0.05514294250279484,346.90789003715463
1524442033.43718,0,0,94.24300155047426,30.75699844952574,2.2061233285639332,343.49026282140045,2.8355881986141753,-0.11905592577663654,0.00026905389189854634,0.2299464098358154,0.2299464098358154,-0.3258928427594983,0.06120928376611057,345.0517116120023
1524442033.455757,0,0,108.94409100000387,16.055908999996134,14.701089449529604,348.2066829241331,4.716420102732627,-0.11909815065379353,0.00022682901474155304,-0.14371650614738465,-0.14371650614738465,-0.3902625471890982,0.08648513118407863,339.7003248351436
1524442033.475872,0,0,290.02425630886506,165.02425630886506,181.08016530886118,317.02433515002133,31.182347774111747,-0.11910415356879567,0.00022082609973941847,0.4885380208969116,0.4885380208969116,-0.4149471840339617,0.0954842368591442,336.302132313994
1524442033.495614,0,0,375.95250136803793,250.95250136803793,85.92824505917287,298.5794258655581,18.444909284463222,-0.11912792877785412,0.0001970508906809637,1.0059174430274964,1.0059174430274964,-0.4415655195352417,0.10708892546183768,333.5745275806062
1524442033.513502,0,0,423.1471314266258,298.1471314266258,47.19463005858785,332.4952312772369,33.915805411678775,-0.11918678092716263,0.00013819874137245558,-0.8813304376983643,-0.8813304376983643,-0.40320190297430336,0.09277064020066239,335.3700643491712
1524442033.534389,0,0,575.8437512094121,450.84375120941206,152.69661978278629,357.97201902040615,25.476787743169268,-0.11926133133418576,6.364833434932549e-05,0.15333030655860902,0.15333030655860902,-0.36861127563662477,0.08541130231371329,335.06339466460724
1524442033.551516,0,0,751.1779586899711,626.1779586899711,175.33420748055903,319.5103690710303,38.46164994937584,-0.11932719873310721,2.219064572123175e-06,-0.3544353151607514,-0.3544353151607514,-0.38441679521021543,0.0930346525307314,332.85777039446265
1524442033.569828,0,0,832.7082719517445,707.7082719517445,81.53031326177336,327.24451791635664,7.734148845326331,-0.11932382744628342,1.1522222516657799e-06,-1.149633949174881,-1.149633949174881,-0.4239585077657986,0.11167049296494402,329.3657067303106
1524442033.587307,0,0,863.031648105702,738.031648105702,30.323376153957497,319.7105684921123,7.533949424244327,-0.11929419836459072,3.078130394436329e-05,-0.45027901926040653,-0.45027901926040653,-0.4491622577557485,0.12395008652846562,326.56109179083546
1524442033.607184,0,0,1021.552735590301,896.552735590301,158.5210874845991,320.56374535492864,0.8531768628163263,-0.11928933082753729,3.5648840997798414e-05,-0.3927924168014526,-0.3927924168014526,-0.448821442246943,0.12644591284581397,325.3415056947252
1524442033.626495,0,0,3716.8729768763747,3591.8729768763747,2695.3202412860737,347.0232935227161,26.459548167787432,-0.11930992978055181,1.5049887983273336e-05,0.9867879422092438,0.9867879422092438,-0.4213510841056988,0.11237926656381214,326.55329134002295
1524442033.643697,0,0,1655.241697310011,1530.241697310011,2061.6312795663634,333.98543723965685,13.037856283059227,-0.11937053121386548,4.5551545330396737e-05,-0.3353058143424988,-0.3353058143424988,-0.42974059602568926,0.11448295677093001,324.67526967615385
1524442033.662753,0,0,2075.149191587036,1950.149191587036,419.9074942770251,321.7303337929646,12.25510344669226,-0.11944049075722066,0.00011551108868557147,-1.0059174430274964,-1.0059174430274964,-0.4634342669671268,0.12920888077091397,319.01001498269034
1524442033.680754,0,0,1252.227702975225,1127.227702975225,822.9214886118111,264.33039709476765,57.39993669819694,-0.11949561675416655,0.00017063708563146152,0.3256920139312744,0.3256920139312744,-0.46661893822001144,0.13119537530463243,316.6927927810249
1524442033.698835,0,0,1040.3737692147795,915.3737692147795,211.85393376044544,298.90750113431665,34.577104039549,-0.11952009188510772,0.0001951122165726321,-1.24537955327034,0.5460246233558654,-0.5291722275168288,0.15649030138733389,309.8959267311601
1524442033.718359,0,0,1371.8583476841088,1246.8583476841088,331.48457846932934,263.8611856233426,35.04631551097407,-0.1195094709233301,0.00018449125479501338,-0.3256920139312744,-0.3256920139312744,-0.5650556525901363,0.17646369364357317,306.22175050506445
1524442033.737258,0,0,1709.2470873699797,1584.2470873699797,337.38873968587086,301.45353308909176,37.592347465749185,-0.11955880293720487,0.00023382326866978886,-0.30656251311302185,-0.30656251311302185,-0.6240385979475568,0.20304415518015462,299.05217703939104
1524442033.761228,0,0,2614.795572263994,2489.795572263994,905.5484848940143,240.59117244293847,60.86236064615329,-0.11961180678833452,0.00028682711979943765,0.8525871364688873,0.8525871364688873,-0.6449413157256549,0.21625637116876628,296.0479947811473
1524442033.779676,0,0,3130.0247469691913,3005.0247469691913,515.2291747051972,288.1418851869958,47.550712744057336,-0.11966143138647785,0.0003364517179427623,0.7280982311439513,0.7280982311439513,-0.6736758869019634,0.22927270777508246,293.29813526396475
1524442033.797004,0,0,3222.5966012412614,3097.5966012412614,92.57185427207014,387.2417719532641,99.0998867662683,-0.11967621939040113,0.00035123972186604235,0.14371650614738465,0.14371650614738465,-0.6907434619270918,0.2379069208319765,292.3871073504557
1524442033.814007,0,0,2383.7962962962965,2258.7962962962965,838.8003049449649,304.5016769893637,82.74009496390039,-0.11965607770225377,0.0003310980337186825,-0.19158930819511413,-0.19158930819511413,-0.72034644192597,0.25810616435538913,289.0168907498535
1524442033.834461,0,0,1556.809771406768,1431.809771406768,826.9865248895285,305.4308426249224,0.929165635558661,-0.11965981423704422,0.00033483456850913473,-0.36404911557197567,-0.3353058143424988,-0.7764150075981523,0.2931368148410185,282.57646025888334
1524442033.852326,0,0,1478.525569550554,1353.525569550554,78.28420185621394,245.65096922464852,59.77987340027386,-0.11967764078138425,0.0003526611128491647,-1.0730178458976747,-1.0730178458976747,-0.783771122276864,0.2973079101070166,280.99588704556186
1524442033.871837,0,0,1820.4882777721486,1695.4882777721486,341.96270822159454,305.61503255809424,59.96406333344572,-0.11983140655382106,0.0005064268852859738,-0.44066521884918214,-0.44066521884918214,-0.7863129031326719,0.29705088036737703,277.4053486272783
1524442033.890059,0,0,6458.015719777119,6333.015719777119,4637.52744200497,255.06879495592977,50.54623760216447,-0.11993265946420813,0.0006076797956730412,-0.8718147372913361,-0.8718147372913361,-0.7636051506383458,0.29151087891440786,275.78248559688825
1524442033.911008,0,0,3505.446651760119,3380.446651760119,2952.5690680169996,225.147368464519,29.921426491410784,-0.11998143907245319,0.0006564594039181054,0.2107188090133667,0.2107188090133667,-0.8006096552949098,0.3106337106689374,269.16030727901955
1524442033.930879,0,0,1785.2595693779906,1660.2595693779906,1720.1870823821284,218.64628933225245,6.50107913226654,-0.12002913960243691,0.0007041599339018267,-0.2778192118835449,-0.2778192118835449,-0.804661508179075,0.3122816914841565,265.11384130851854
1524442033.949691,0,0,1347.7931096681098,1222.7931096681098,437.46645970988084,221.2565134910836,2.6102241588311585,-0.12008388759762878,0.000758907929093694,0.38317861639022827,-1.3316094569587706,-0.8431805640180992,0.33429604144588854,260.1321464902689
1524442033.968563,0,0,2457.9882769837477,2332.9882769837477,1110.195167315638,268.79693942592473,47.540425934841124,-0.12015207321154624,0.0008270935430111509,0.43114951844215393,0.43114951844215393,-0.8572509632093223,0.3417152817564888,256.25032406667043
1524442033.988616,0,0,4444.729757088887,4319.729757088887,1986.741480105139,217.80301078201353,50.993928643911204,-0.12021172368539677,0.0008867440168616875,0.5556384237670898,0.5556384237670898,-0.908337559776561,0.37160403614743387,249.5899879135971
1524442034.009664,0,0,3133.7685300207036,3008.7685300207036,1310.9612270681832,237.77323482004707,19.970224038033535,-0.12020512856735376,0.0008801488988186695,-0.7377120315551758,-0.7377120315551758,-0.9391823862747617,0.39194734691396094,244.55899044684617
1524442034.026698,0,0,3213.878277490754,3088.878277490754,80.10974747005048,208.00805179863428,29.76518302141278,-0.12021641170450939,0.0008914320359743044,-0.7855848336029052,-0.7855848336029052,-0.9579311105320755,0.39859595192974884,240.04755391616118
1524442034.044124,0,0,2717.949120052061,2592.949120052061,495.929157438693,261.14154730274214,53.133495504107856,-0.12027030003640071,0.0009453203678656263,-0.2682054114723206,-0.2682054114723206,-0.9804295402396429,0.41682141822423724,238.12423651277186
1524442034.063188,0,0,2348.494139818639,2223.494139818639,369.45498023342225,290.35880699608157,29.21725969333943,-0.12039379485014708,0.00106881518161199,0.43114951844215393,0.43114951844215393,-0.9372767343795996,0.3898618587105577,240.0336795496217
1524442034.109453,0,0,1244.541011954898,1119.541011954898,1103.9531278637407,302.4533855488614,12.094578552779808,-0.12035953720761254,0.0010345575390774547,0.18197550778388977,0.18197550778388977,-0.9352127896838658,0.38697903883531837,238.6875595978052
1524442034.189329,0,0,1244.541011954898,1119.541011954898,0.0,279.2410389176467,23.2123466312147,-0.12029685911075944,0.0009718794422243493,-0.08622990368843078,-0.08622990368843078,-0.9295377494441203,0.3826604486938606,238.92677439434252
