1524451262.610187,0,1,211.83180079133783,86.83180079133783,43.09173092062488,463.38501642460113,55.2598250639557,-0.39789126230037464,0.0007778734136459908,-0.2012031086063385,-0.2012031086063385,0.15561073491440208,0.033600009573700906,469.8970732409012
1524451262.661967,0,1,190.5617456182948,65.5617456182948,21.270055173043033,518.0857370457388,54.70072062113769,-0.39784294918773366,1.5716225133211834,-0.2299464098358154,-0.2299464098358154,0.24131510779991092,0.07589024262321409,477.0293219479052
1524451262.695869,0,1,256.2338768340807,131.23387683408072,65.67213121578592,442.05363458746496,76.03210245827387,-0.3978430983297613,1.5716223641791558,-0.2107188090133667,-0.2107188090133667,0.2199367864148547,0.0618862655085084,475.8257383356066
1524451262.720756,0,1,237.90634781856542,112.90634781856542,18.327529015515296,527.846017390591,85.79238280312603,-0.3977839498505653,1.5716815126583519,-0.22033260942459107,-0.22033260942459107,0.26512439704338575,0.08476509823683998,479.53562630909056
1524451262.746941,0,1,277.5354655421155,152.5354655421155,39.62911772355008,452.85325715982,74.99276023077101,-0.3977886953918143,1.5716767671171028,-0.2012031086063385,-0.2012031086063385,0.2807105211700274,0.09084126782496049,483.1365997534565
1524451262.777322,0,1,259.5075472152921,134.5075472152921,18.027918326823396,570.5329295276425,117.67967236782255,-0.3978376494115768,1.5716278130973405,-0.23946211024284364,-0.23946211024284364,0.3088160174654479,0.09617428720176047,487.4695500292508
1524451262.804657,0,1,224.23861617006617,99.23861617006617,35.26893104522594,533.2103207855747,37.322608742067814,-0.39781852553475344,1.5716469369741637,-0.2012031086063385,-0.2012031086063385,0.31747763788552796,0.09559998152814653,489.72453886868766
1524451262.833548,0,1,234.01328262786592,109.01328262786592,9.774666457799754,500.8246167558838,32.385704029690885,-0.39775533426957893,1.5717101282393382,-0.2107188090133667,-0.2107188090133667,0.2909414645868059,0.08106787548436256,489.87835496671516
1524451262.860393,0,1,212.32769012141082,87.32769012141082,21.685592506455095,467.31836310390054,33.506253651983286,-0.3977209061956394,1.571744556313278,-0.19158930819511413,-0.19158930819511413,0.257006398985824,0.06215415068401209,488.4320510295953
1524451262.884647,0,1,245.25007319791314,120.25007319791314,32.922383076502314,490.3529331087478,23.03457000484724,-0.3977109212244145,1.5717545412845026,-0.22033260942459107,-0.22033260942459107,0.25099909531554104,0.05950988300219617,489.63069021013473
1524451262.913448,0,1,250.3668332386005,125.36683323860049,5.116760040687353,481.9819082700382,8.371024838709559,-0.39769996815621755,1.5717654943526997,-0.2107188090133667,-0.2107188090133667,0.21233057755239776,0.04213309636849538,486.28315780713876
1524451262.942626,0,1,248.10240578963453,123.10240578963453,2.264427448965961,436.71782020550813,45.264088064530085,-0.39766148818403274,1.5718039743248844,-0.2012031086063385,-0.2012031086063385,0.10065406320728003,0.008752618042971672,476.33772575841573
1524451262.965791,0,1,201.7597258335608,76.7597258335608,46.34267995607374,398.27554315533854,38.442277050169594,-0.3976855817355925,1.5717798807733248,-0.19158930819511413,-0.19158930819511413,0.13457419506978568,0.015091871613664985,478.8507428925436
1524451262.991497,0,1,248.27522525414682,123.27522525414682,46.515499420586025,496.59331061464303,98.31776745930449,-0.39767057453419297,1.571794887974724,-0.17245980737686156,-0.17245980737686156,0.19909241043241785,0.03058635732116277,485.5008187757133
1524451263.017452,0,1,226.3856348512072,101.38563485120719,21.889590402939632,487.0964056279395,9.496904986703555,-0.39770004187189384,1.5717654206370233,-0.19158930819511413,-0.19158930819511413,0.1532220006418768,0.017737260792612286,482.44688385453605
1524451263.045373,0,1,264.5754678908174,139.57546789081738,38.18983303961019,492.3859299687245,5.289524340785022,-0.39777804502991154,1.5716874174790056,-0.17245980737686156,-0.19158930819511413,0.17504311994817087,0.02314050919461796,483.7705923574331
1524451263.070471,0,1,202.31920243427786,77.31920243427786,62.25626545653952,467.2160047981574,25.16992517056707,-0.3977301117666792,1.571735350742238,-0.19158930819511413,-0.19158930819511413,0.17709695581304916,0.023178784849648193,484.61789473029415
1524451263.095962,0,1,221.48510697644056,96.48510697644056,19.165904542162707,458.1018971431287,9.114107655028704,-0.3976811647795974,1.5717842977293197,-0.2012031086063385,-0.2012031086063385,0.08801431821567766,0.005646248010740429,477.4807077697118
1524451263.122805,0,1,236.04007204573097,111.04007204573097,14.554965069290404,432.66567091584767,25.436226227281054,-0.39765807311995516,1.5718073893889621,-0.24907591065406798,-0.24907591065406798,0.007236286579062286,3.878848856520012e-05,471.692470457965
1524451263.148236,0,1,210.0512479915735,85.05124799157349,25.988824054157476,397.9424055833976,34.72326533245007,-0.3976825788832188,1.5717828836256984,-0.19158930819511413,-0.19158930819511413,0.04376843226632434,0.001321112541813774,474.36052587069634
1524451263.173603,0,1,208.8821215850373,83.88212158503731,1.1691264065361793,523.8483592724607,125.9059536890631,-0.39770621620340063,1.5717592463055166,-0.2778192118835449,-0.2778192118835449,0.0038840263423217435,1.0219116371223969e-05,470.90061861831873
1524451263.197587,0,1,261.1635974201312,136.16359742013123,52.281475835093914,415.56359480838984,108.28476446407086,-0.3977948700816926,1.5716705924272245,-0.22033260942459107,-0.22033260942459107,-0.041986815836513626,0.001179756510256702,466.59559428530383
1524451263.224473,0,1,243.83301574465466,118.83301574465466,17.330581675476566,480.5670225093295,65.00342770093965,-0.397814222168933,1.5716512403399843,-0.1628460069656372,-0.1628460069656372,-0.049396200030193044,0.0015892086157345273,465.88472167228747
1524451263.252393,0,1,226.24358576808243,101.24358576808243,17.589429976572234,448.37826807653227,32.188754432797225,-0.39778904735891124,1.571676415150006,-0.17245980737686156,-0.17245980737686156,-0.00715756230900926,3.255515653766139e-05,470.1225701234247
1524451263.280605,0,1,182.35260510672188,57.35260510672188,43.890980661360544,501.52731662546256,53.149048548930296,-0.39786249962269893,1.5716029628862183,-0.17245980737686156,-0.17245980737686156,-0.018867750748773553,0.00022524761717745978,470.3561678423931
1524451263.307881,0,1,225.77219250602118,100.77219250602118,43.4195873992993,452.1170323443798,49.41028428108274,-0.3978379277691165,1.5716275347398008,-0.15333030655860902,-0.15333030655860902,-0.015869382624844667,0.00016146711258935298,468.7688592594641
1524451263.339111,0,1,212.71095969089387,87.71095969089387,13.061232815127312,405.7627435366566,46.35428880772321,-0.3977792032389127,1.5716862592700045,-0.2107188090133667,-0.2107188090133667,-0.10221811180233484,0.006352617158251195,460.659841224356
1524451263.363808,0,1,219.62678387099098,94.62678387099098,6.915824180097104,386.6557694555988,19.106974081057842,-0.39784789703490187,1.5716175654740154,-0.22033260942459107,-0.22033260942459107,-0.11613457510587023,0.007757110931252864,459.8257089695089
1524451263.407603,0,1,249.70947451866888,124.70947451866888,30.082690647677907,461.922180719662,75.26641126406321,-0.39778421913059975,1.5716812433783174,-0.22033260942459107,-0.22033260942459107,-0.20202145270054225,0.02235785136913493,453.0542669427077
1524451263.434087,0,1,210.5110634129685,85.5110634129685,39.19841110570039,496.41276202205245,34.49058130239047,-0.3977885110937484,1.5716769514151687,-0.2012031086063385,-0.2012031086063385,-0.18054883739859154,0.01775939476362176,455.6795653446485
1524451263.459862,0,1,247.42698749225895,122.42698749225895,36.91592407929045,451.91921231244305,44.4935497096094,-0.3978028446288788,1.5716626178800384,-0.23946211024284364,-0.2012031086063385,-0.21871484816206158,0.02532787859702157,451.90783200112344
1524451263.486899,0,1,216.332790899552,91.33279089955201,31.094196592706936,469.1105867607336,17.19137444829056,-0.39779221434184964,1.5716732481670674,-0.2012031086063385,-0.2012031086063385,-0.20379605647544163,0.021533860406540373,453.1567791724388
1524451263.511422,0,1,243.98017736732606,118.98017736732606,27.647386467774055,525.4082792207793,56.29769246004565,-0.39781559729040766,1.5716498652185096,-0.1628460069656372,-0.1628460069656372,-0.23125739236002532,0.027273402917484924,450.4875833333081
1524451263.538587,0,1,250.72709551521723,125.72709551521723,6.746918147891165,423.0343551028843,102.37392411789494,-0.39785496002257276,1.5716105024863445,-0.2299464098358154,-0.2299464098358154,-0.26022768016123965,0.03461902968902397,446.98645886940216
1524451263.564065,0,1,246.43663343667637,121.43663343667637,4.290462078540855,443.61493683018927,20.580581727304946,-0.39776208436728333,1.5717033781416339,-0.22033260942459107,-0.22033260942459107,-0.2138769036351381,0.022945425598994706,451.07400030308827
1524451263.589119,0,1,207.4391684458766,82.43916844587659,38.997464990799784,447.68187276841564,4.066935938226379,-0.39772740186270383,1.5717380606462132,-0.22033260942459107,-0.22033260942459107,-0.24011538741400854,0.028353530696057616,448.7668330436282
1524451263.615028,0,1,263.5869779646802,138.58697796468022,56.147809518803626,479.53298337420443,31.85111060578879,-0.3977567315532099,1.5717087309557072,-0.19158930819511413,-0.19158930819511413,-0.2755240736611842,0.037903458634500065,446.2589102547971
1524451263.639733,0,1,229.80163985834596,104.80163985834596,33.78533810633425,510.0298232647944,30.496839890589968,-0.39772786212351735,1.5717376003853998,-0.2107188090133667,-0.2107188090133667,-0.1942135800840786,0.018575303177876812,451.90774596162805
1524451263.664027,0,1,216.21779753419546,91.21779753419546,13.58384232415051,454.1708212752548,55.85900198953959,-0.3976633849661213,1.5718020775427959,-0.2012031086063385,-0.2012031086063385,-0.23486937859465978,0.027327209304237376,448.793977646618
1524451263.692259,0,1,232.7805585887401,107.78055858874009,16.562761054544637,488.54986275996094,34.379041484706136,-0.39766733924601755,1.5717981232628997,-0.24907591065406798,-0.24907591065406798,-0.2127910515183211,0.02213033597281222,450.2841583789097
1524451263.719174,0,1,244.59256317173185,119.59256317173185,11.812004582991761,528.5726625573311,40.02279979737017,-0.39770102083429526,1.571764441674622,-0.18197550778388977,-0.18197550778388977,-0.12451413627723547,0.007464960637198814,458.15447987582985
1524451263.747564,0,1,248.19941191484452,123.19941191484452,3.606848743112664,490.16953081873527,38.403131738595846,-0.39760827840299234,1.5718571841059248,-0.2012031086063385,-0.2012031086063385,-0.06792136871465491,0.002244464184742334,461.6539371097481
1524451263.775308,0,1,219.7833205662868,94.78332056628679,28.41609134855773,478.85435038212813,11.315180436607136,-0.39765220563186876,1.5718132568770484,-0.2299464098358154,-0.2299464098358154,0.019719244939071796,0.0002003919667971088,467.7063754421037
1524451263.80139,0,1,286.3338779733576,161.33387797335757,66.55055740707078,442.96404538882734,35.89030499330079,-0.39751412776665485,1.5719513347422622,-0.2107188090133667,-0.2107188090133667,0.014087155925599355,0.00010209697680851892,465.3124599809373
1524451263.827262,0,1,217.7695811655558,92.76958116555579,68.56429680780178,485.3446224768912,42.38057708806383,-0.3975238338638742,1.571941628645043,-0.19158930819511413,-0.19158930819511413,0.0313307938700678,0.0004959489979902143,466.6289053201243
1524451263.851783,0,1,217.43469131318702,92.43469131318702,0.3348898523687751,425.81856804214584,59.52605443474533,-0.39755778099123573,1.5719076815176813,-0.22033260942459107,-0.22033260942459107,0.02823747011802138,0.00041456632079384104,464.8449518922282
1524451263.878696,0,1,248.18630139035508,123.18630139035508,30.751610077168067,410.5992169178362,15.21935112430964,-0.3975619289313459,1.5719035335775713,-0.22033260942459107,-0.22033260942459107,0.0364126703388419,0.0006849034470287618,464.23232170697787
1524451263.905965,0,1,252.7725076160751,127.7725076160751,4.586206225720019,517.4749317025727,106.87571478473649,-0.39750802363321375,1.5719574388757034,-0.23946211024284364,-0.23946211024284364,0.09192189087005918,0.004187247417932416,469.5271528247974
1524451263.931004,0,1,252.0086924342855,127.0086924342855,0.763815181789596,492.33744979107087,25.137481911501823,-0.3975577772567842,1.571907685252133,-0.17245980737686156,-0.17245980737686156,0.025946262621078346,0.00032679518227940463,464.9718306599561
1524451263.956608,0,1,204.08692213860775,79.08692213860775,47.92177029567776,402.58226723567014,89.75518255540072,-0.3974547228263424,1.5720107396825749,-0.2012031086063385,-0.2012031086063385,-0.06001427610149713,0.0017700545142814716,459.4400818870045
1524451263.981537,0,1,253.0670426280901,128.0670426280901,48.980120489482346,507.57869510712567,104.99642787145552,-0.39731725297786047,1.5721482095310568,-0.18197550778388977,-0.18197550778388977,0.07233752568163804,0.002588840631947975,469.33579470413576
1524451264.00741,0,1,243.39318905533085,118.39318905533085,9.673853572759242,472.0334404226899,35.54525468443575,-0.39731229973363397,1.5721531627752832,-0.1628460069656372,-0.2299464098358154,0.07643183847131334,0.00302409035865292,468.0006782789374
1524451264.031037,0,1,252.7286524898875,127.72865248988751,9.335463434556658,462.79773006547885,9.235710357211076,-0.3973226726493658,1.5721427898595515,-0.2012031086063385,-0.2012031086063385,0.07040304982203195,0.002548841463894669,466.9738757136866
1524451264.057588,0,1,235.86752666377674,110.86752666377674,16.861125826110765,433.9126352688422,28.885094796636622,-0.3972778778043273,1.5721875847045899,-0.24907591065406798,-0.24907591065406798,0.11678931998948297,0.007009460221965802,470.4065166397273
1524451264.083673,0,1,232.23742627189927,107.23742627189927,3.630100391877477,503.36584529080363,69.45321002196141,-0.39737643818565765,1.5720890243232595,-0.2299464098358154,-0.2299464098358154,0.12506727214137417,0.008059728223712592,471.69572801739025
1524451264.111711,0,1,226.09334873813893,101.09334873813893,6.144077533760338,438.5212558027065,64.84458948809714,-0.3973623035935695,1.5721031589153478,-0.2012031086063385,-0.2012031086063385,0.04331828046243116,0.0009646822677636946,465.2316261051837
1524451264.137579,0,1,258.66055141733756,133.66055141733756,32.56720267919863,400.646869150972,37.87438665173448,-0.39730820121608634,1.5721572612928307,-0.2107188090133667,-0.2107188090133667,-0.05382347178637783,0.0014966914063745396,457.83713040385675
1524451264.164562,0,1,258.5814750718342,133.58147507183418,0.07907634550338116,471.3685272290407,70.72165807806869,-0.3973474378047044,1.5721180247042128,-0.2107188090133667,-0.2107188090133667,0.044503302415598314,0.0010331074012008834,465.2647118904126
1524451264.188917,0,1,224.47856581170348,99.47856581170348,34.1029092601307,467.69296504297364,3.6755621860670544,-0.3973219360614409,1.5721435264474763,-0.23946211024284364,-0.22033260942459107,0.0036398133630136933,7.042148738367615e-06,463.44645478697385
1524451264.216067,0,1,214.00292308069572,89.00292308069572,10.475642731007753,451.3151818997726,16.377783143201043,-0.3972922081948046,1.5721732543141127,-0.2107188090133667,-0.2107188090133667,0.02466224500748301,0.000315392453080765,465.4980983082189
1524451264.242541,0,1,237.63559172916027,112.63559172916027,23.632668648464545,546.4949923626717,95.17981046289913,-0.39734531102660486,1.5721201514823124,-0.2107188090133667,-0.2107188090133667,0.07613100796969625,0.0030669660350165495,467.96103708403666
1524451264.270422,0,1,212.77780645675432,87.77780645675432,24.85778527240595,443.9036325590578,102.5913598036139,-0.39729200357860006,1.5721734589303171,-0.23946211024284364,-0.23946211024284364,0.12138282905196432,0.00775515801913229,471.2340471106392
1524451264.299985,0,1,273.05299107136676,148.05299107136676,60.27518461461244,435.24461549845364,8.659017060604185,-0.3972233668623829,1.5722420956465344,-0.2107188090133667,-0.2107188090133667,0.08361945904316573,0.003655569087266164,468.1984722990933
1524451264.328558,0,1,243.2097813838179,118.2097813838179,29.843209687548864,416.8432410442601,18.401374454193558,-0.39720401147618856,1.5722614510327286,-0.2107188090133667,-0.2107188090133667,0.007976294245482594,3.32563905854899e-05,463.88123964840963
1524451264.355998,0,1,301.0091416504899,176.00914165048988,57.79936026667198,489.9863926603057,73.1431516160456,-0.39710585010972654,1.5723596123991905,-0.19158930819511413,-0.19158930819511413,0.006841896020770363,2.565298367740443e-05,463.62052915745187
1524451264.380322,0,1,210.19657537353316,85.19657537353316,90.81256627695672,520.155934031446,30.169541371140326,-0.39707143026587993,1.5723940322430372,-0.17245980737686156,-0.17245980737686156,0.025621223444426366,0.00036730415843633235,466.8148218702323
1524451264.407167,0,1,203.00814217629303,78.00814217629303,7.18843319724013,491.8954770411926,28.26045699025343,-0.39708073475875005,1.5723847277501672,-0.2107188090133667,-0.2107188090133667,-0.01367906586719075,0.00010564069726826109,464.4513802299957
1524451264.434332,0,1,294.24395627169093,169.24395627169093,91.2358140953979,451.84159109523563,40.05388594595695,-0.39707089198679796,1.5723945705221192,-0.25868971106529237,-0.25868971106529237,0.009560225752948934,5.0337793071064674e-05,466.0934667171537
1524451264.457871,0,1,206.71266709402573,81.71266709402573,87.5312891776652,448.44508499145945,3.3965061037761757,-0.3969778152818827,1.5724876472270344,-0.22033260942459107,-0.22033260942459107,-0.02984762795932181,0.0004981546826346994,462.83691365782477
1524451264.489932,0,1,260.08483850231,135.08483850231,53.37217140828426,455.89004672770983,7.444961736250377,-0.3970071435060433,1.5724583190028738,-0.14371650614738465,-0.14371650614738465,-0.049411094047225795,0.0013915390966100503,459.49064950257844
1524451264.521838,0,1,245.41694928443167,120.41694928443167,14.667889217878326,425.05849694748093,30.831549780228897,-0.3969273741562567,1.5725380883526605,-0.19158930819511413,-0.19158930819511413,-0.14282284759188313,0.011610824846375767,452.7872464561924
1524451264.546592,0,1,263.23366010408824,138.23366010408824,17.816710819656578,442.1561231154844,17.097626168003444,-0.3969030673704554,1.5725623951384617,-0.2012031086063385,-0.2012031086063385,-0.0897277173409695,0.0045920435246142866,457.4361865724846
1524451264.57587,0,1,273.74414035658833,148.74414035658833,10.510480252500088,506.53871733008265,64.38259421459827,-0.39683395417565515,1.572631508333262,-0.17245980737686156,-0.17245980737686156,-0.16385280609573655,0.015053161783600943,451.4166717020332
1524451264.602979,0,1,291.15751581233724,166.15751581233724,17.413375455748906,422.6486571574919,83.89006017259072,-0.3967799157272404,1.5726855467816767,-0.2299464098358154,-0.2299464098358154,-0.09812312841576645,0.005066280648250543,457.36245484633974
1524451264.628891,0,1,250.7401946661787,125.7401946661787,40.41732114615854,545.7555742917306,123.10691713423864,-0.3967604984491167,1.5727049640598005,-0.18197550778388977,-0.18197550778388977,-0.07679171564349145,0.0031489267506762397,458.28492432028656
1524451264.655492,0,1,220.22956907009754,95.22956907009754,30.510625596081155,462.91690195581197,82.8386723359186,-0.39665805139324095,1.5728074111156762,-0.2107188090133667,-0.2107188090133667,-0.07824507492739025,0.0032689031869321816,458.7823620364766
1524451264.680853,0,1,213.06205250181964,88.06205250181964,7.167516568277904,450.12035036687104,12.796551588940929,-0.39660346072389846,1.5728620017850188,-0.23946211024284364,-0.23946211024284364,-0.09158936416163785,0.0046168189727316955,457.0937712582388
1524451264.710644,0,1,246.05539075107538,121.05539075107538,32.99333824925574,415.64158511144205,34.47876525542898,-0.3965501705178233,1.5729152919910938,-0.1628460069656372,-0.1628460069656372,-0.0663633456865736,0.0024884409604679636,456.56173786070957
1524451264.741335,0,1,263.0337351420098,138.0337351420098,16.97834439093441,443.831433810629,28.18984869918694,-0.3964660397783366,1.5729994227305806,-0.18197550778388977,-0.18197550778388977,-0.0590593042807515,0.0019844590707497334,456.07923459888747
1524451264.769205,0,1,234.92785921170312,109.92785921170312,28.105875930306667,448.89463087590394,5.063197065274949,-0.39642686856962955,1.5730385939392877,-0.18197550778388977,-0.18197550778388977,-0.004305128518061932,1.0504391588339601e-05,459.97747152819846
1524451264.794549,0,1,223.3777182941483,98.37771829414831,11.550140917554813,496.83258525541004,47.937954379506095,-0.3964606695459145,1.5730047929630027,-0.25868971106529237,-0.25868971106529237,-0.02279451491474674,0.0003039132596893701,458.7068923523935
1524451264.822072,0,1,223.70148232713643,98.70148232713643,0.32376403298812306,431.0000376461656,65.83254760924444,-0.3964014532725643,1.5730640092363528,-0.2012031086063385,-0.2012031086063385,-0.0532416591423456,0.0016950912522084582,455.10031311275804
1524451264.848332,0,1,224.05857751914672,99.05857751914672,0.3570951920102914,457.6407450272338,26.640707381068182,-0.3963867197581142,1.573078742750803,-0.19158930819511413,-0.15333030655860902,-0.10904374354824407,0.007120158004574995,451.11220717332856
1524451264.877387,0,1,213.45480186925968,88.45480186925968,10.60377564988704,465.7114979157089,8.070752888475113,-0.3963183588794809,1.5731471036294362,-0.1628460069656372,-0.1628460069656372,-0.1096508346730522,0.007121441850392096,451.98211263192707
1524451264.903098,0,1,227.66178833899858,102.66178833899858,14.206986469738894,441.55746242770107,24.15403548800782,-0.39641053214164246,1.5730549303672747,-0.1628460069656372,-0.1628460069656372,-0.09925355327855614,0.005974755684566514,450.3393663884398
1524451264.928604,0,1,274.1387774121277,149.1387774121277,46.47698907312912,443.53167584548356,1.9742134177824937,-0.3964250556061965,1.5730404069027206,-0.23946211024284364,-0.23946211024284364,-0.11788150392137973,0.008863756836590353,449.373828285442
1524451264.95222,0,1,273.87647520021636,148.87647520021636,0.26230221191133296,450.9089830531572,7.377307207673653,-0.3963953089212419,1.5730701535876752,-0.2012031086063385,-0.2012031086063385,-0.13073793260811561,0.011037553204267025,449.00980020612997
1524451264.979515,0,1,240.77813390329217,115.77813390329217,33.09834129692419,466.32790491873146,15.418921865574248,-0.39640006166488556,1.5730654008440317,-0.17245980737686156,-0.17245980737686156,-0.07557486488292058,0.003881411071959162,450.99503065594365
1524451265.006895,0,1,227.41301889291665,102.41301889291665,13.365115010375519,458.08346648510104,8.244438433630421,-0.39638637181781833,1.573079090691099,-0.19158930819511413,-0.19158930819511413,-0.05490070754950046,0.0020381926865867817,454.3231230319822
1524451265.031485,0,1,243.4594009107566,118.45940091075661,16.04638201783996,467.2901727125745,9.206706227473433,-0.3962835834179208,1.5731818790909964,-0.29694871270179746,-0.29694871270179746,-0.07961481708750634,0.004161412224958583,452.3879606720195
1524451265.057034,0,1,214.49018566472242,89.49018566472242,28.969215246034196,463.24978714841154,4.040385564162932,-0.3962338736468464,1.5732315888620707,-0.2778192118835449,-0.2778192118835449,0.0117620449631916,8.68013018725522e-05,460.33218086653295
1524451265.081731,0,1,207.43553675558533,82.43553675558533,7.054648909137086,520.1995195792047,56.94973243079312,-0.39627325746482506,1.573192205044092,-0.17245980737686156,-0.17245980737686156,0.02325460704746919,0.00033024165309580855,460.46510222366794
1524451265.10586,0,1,252.01012038677712,127.01012038677712,44.574583631191786,436.4195029983402,83.78001658086447,-0.3961852716995389,1.5732801908093783,-0.25868971106529237,-0.25868971106529237,-0.0685994396559202,0.002845696742098336,453.3917556780522
1524451265.132132,0,1,206.84570824943168,81.84570824943168,45.16441213734544,476.3083171002939,39.8888141019537,-0.39617033363290655,1.5732951288760106,-0.2107188090133667,-0.17245980737686156,-0.07627748630793779,0.0035014537284059344,454.76384452405983
1524451265.157265,0,1,221.32924938902963,96.32924938902963,14.483541139597946,446.4609127016829,29.84740439861099,-0.39626327763261077,1.5732021848763065,-0.25868971106529237,-0.25868971106529237,-0.0703831208124358,0.0030129008507417954,453.64936720247533
1524451265.183615,0,1,204.6198128363733,79.61981283637331,16.709436552656314,498.2594998799456,51.79858717826272,-0.3963319828610548,1.5731334796478624,-0.2874330122947693,-0.2874330122947693,-0.0029958150498875917,5.262626134983073e-06,460.26617109334273
1524451265.208131,0,1,199.07982588219411,74.07982588219411,5.539986954179199,502.60077081342814,4.3412709334825195,-0.39639043603506147,1.5730750264738558,-0.2012031086063385,-0.2012031086063385,-0.010459779440714955,6.549702226477105e-05,459.1403421240428
1524451265.233467,0,1,242.42519341100055,117.42519341100055,43.345367528806435,459.73477616461105,42.86599464881709,-0.39642927121500465,1.5730361912939126,-0.08622990368843078,-0.08622990368843078,0.05671574846008421,0.001968795624402553,463.58167118405845
1524451265.259961,0,1,210.24769291782732,85.24769291782732,32.17750049317323,531.2878232757971,71.55304711118606,-0.39643911049810443,1.5730263520108128,-0.24907591065406798,-0.24907591065406798,0.0845460033778721,0.004327828956437019,465.6881847696755
1524451265.284357,0,1,228.43664047808787,103.43664047808787,18.188947560260544,426.9528932145027,104.33493006129441,-0.39636504563618413,1.573100416872733,-0.3256920139312744,-0.3256920139312744,0.09842844544038504,0.005794317022764118,468.54134687986243
1524451265.312567,0,1,260.8035329600352,135.80353296003523,32.36689248194736,508.53320173644494,81.58030852194224,-0.3964087736018994,1.5730566889070179,0.1149732049179077,0.1149732049179077,0.08270109986532198,0.004122834085736438,468.488780659317
1524451265.340587,0,1,277.866721347393,152.86672134739302,17.063188387357798,466.8782402712953,41.654961465149654,-0.39646206855648497,1.5730033939524322,-0.12458700532913207,-0.12458700532913207,0.08717508810660675,0.004579059576939493,468.7530082533829
1524451265.367406,0,1,227.90769946788467,102.90769946788467,49.959021879508356,456.1912887205502,10.686951550745107,-0.39654910199066107,1.5729163605182561,-0.5939955254077911,-0.5939955254077911,0.11319579006228693,0.007594122805551384,468.65230030552135
1524451265.39474,0,1,228.24245980350724,103.24245980350724,0.3347603356225761,409.1441652109573,47.04712350959289,-0.3965983976357216,1.5728670648731957,-0.23946211024284364,-0.23946211024284364,0.18165931345356298,0.01944621531618773,473.9816729618815
1524451265.418701,0,1,231.54713803937796,106.54713803937796,3.3046782358707105,487.7114195528111,78.56725434185381,-0.3968285508690368,1.5726369116398804,-0.06710040287017822,-0.06710040287017822,0.18473462401175583,0.019784760385335498,475.38453032506015
1524451265.446618,0,1,236.26665248387803,111.26665248387803,4.719514444500078,487.6112990409875,0.10012051182360437,-0.39693519005983147,1.5725302724490857,-0.08622990368843078,0.22033260942459107,0.22525960401526532,0.030124402365796055,479.98285170581784
1524451265.475522,0,1,213.4575767039411,88.4575767039411,22.809075779936933,538.6717171935712,51.060418152583736,-0.39700762043021937,1.5724578420786979,-0.8143281348323822,-0.19158930819511413,0.2570439860938588,0.03781442982314642,483.8177878245767
1524451265.501278,0,1,229.7780800414622,104.7780800414622,16.320503337521103,444.00554560618303,94.66617158738819,-0.3971878169122396,1.5722776455966776,-0.36404911557197567,-0.36404911557197567,0.2078522161366922,0.02414999850109545,480.8438627726063
1524451265.526472,0,1,243.92033490005267,118.92033490005267,14.142254858590462,453.97663045335315,9.971084847170118,-0.3973830706713779,1.5720823918375393,-0.6418683274555207,-0.6418683274555207,0.18070149099973112,0.0187937529628891,479.05094883425716
1524451265.554851,0,1,289.2325397652156,164.23253976521562,45.312204865162954,450.3508270767041,3.62580337664906,-0.3978418026402809,1.5716236598686364,-0.25868971106529237,-0.25868971106529237,0.19496612314262557,0.022350438459396993,479.1814570514846
1524451265.579019,0,1,258.74608494952025,133.74608494952025,30.486454815695367,425.40603349192116,24.94479358478293,-0.39855865002023155,1.5709068124886856,-0.43114951844215393,-0.43114951844215393,0.13487532754459125,0.0109354848976706,475.6613514275245
1524451265.605563,0,1,239.88868333527623,114.88868333527623,18.857401614244026,516.1316809179813,90.7256474260601,-0.39937358847284404,1.5700918740360732,-0.3544353151607514,-0.3544353151607514,0.2439134104120875,0.03674067751372734,484.1546921290487
1524451265.62945,0,1,259.56757468497943,134.56757468497943,19.678891349703207,480.7206609554787,35.411019962502564,-0.4004265842320978,1.5690388782768194,-0.1149732049179077,-0.1149732049179077,0.21943138324942538,0.029858710685266132,481.90634647663967
1524451265.657052,0,1,194.40048175617017,69.40048175617017,65.16709292880927,468.561168736961,12.159492218517698,-0.40146318139824727,1.56800228111067,-0.6035112258148193,-0.6035112258148193,0.23794697866341746,0.034524468389223295,483.26936835189366
1524451265.682658,0,1,257.78069112260295,132.78069112260295,63.38020936643278,456.54780052113915,12.013368215821856,-0.402569841348155,1.566895621160762,-0.3927924168014526,-0.3927924168014526,0.20168936407235682,0.024261629265626028,480.72531262996796
1524451265.710275,0,1,244.64675113710197,119.64675113710197,13.133939985500973,412.385871437366,44.161929083773146,-0.4038147571428193,1.565650705366098,-0.402406217212677,-0.402406217212677,0.1639019115634388,0.015969758261172418,478.89351008058156
1524451265.734392,0,1,217.19362532505411,92.19362532505411,27.45312581204786,494.8666747508552,82.48080331348922,-0.4049777027034611,1.564487759805456,-0.24907591065406798,-0.24907591065406798,0.11105840343408778,0.007386916150958212,475.4513552409288
1524451265.75741,0,1,205.8110988462695,80.81109884626949,11.382526478784627,486.21453706884375,8.652137682011471,-0.4062134587898378,1.5632520037190794,0.07661610327720642,-0.1628460069656372,0.11330304193972851,0.007647068268242352,475.5310348608769
1524451265.783568,0,1,201.1945851372288,76.19458513722881,4.6165137090406745,442.53104260267463,43.68349446616912,-0.40690225889339915,1.5625632036155181,0.04787280204772949,0.04787280204772949,0.10284372899163681,0.006293940210570503,473.4792220370845
1524451265.810729,0,1,275.27692970748524,150.27692970748524,74.08234457025642,451.760592893709,9.229550291034343,-0.4082008130114231,1.561264649497494,0.10535940450668335,0.10535940450668335,0.0013680821476075957,1.123818021420142e-06,466.10665624167007
1524451265.836163,0,1,203.26051451810108,78.26051451810108,72.01641518938416,418.5356296435909,33.224963250118094,-0.4093657296765836,1.5600997328323336,-0.1628460069656372,-0.1628460069656372,-0.035594863385679076,0.0007050248751721,463.0638226857369
1524451265.861594,0,1,239.497373632513,114.49737363251299,36.236859114411914,411.45359342903976,7.082036214551124,-0.41049743092610647,1.5589680315828107,-0.10535940450668335,-0.10535940450668335,0.005342418295121638,1.581618800861051e-05,467.3286149605896
1524451265.886245,0,1,221.49664925334886,96.49664925334886,18.000724379164126,496.60423706661624,85.15064363757648,-0.4115820999399139,1.5578833625690032,-0.15333030655860902,-0.15333030655860902,-0.058538078991063204,0.001954832509488025,462.8781128572902
1524451265.912962,0,1,242.10751035564093,117.10751035564093,20.610861102292063,458.0456720905529,38.55856497606334,-0.41203177178924705,1.5574336907196702,-0.2874330122947693,-0.2874330122947693,-0.08071988981902221,0.003802958380531573,461.6167526214104
1524451265.940152,0,1,208.13857215221807,83.13857215221807,33.96893820342285,449.37234369938454,8.673328391168354,-0.4128964233637096,1.5565690391452076,-0.009613800411224364,-0.1149732049179077,-0.11859486835650142,0.008170788136217633,458.3964053058117
1524451265.963705,0,1,240.25934275306443,115.25934275306443,32.120770600846356,457.21606458675427,7.843720887369727,-0.4137025984371642,1.555762864071753,-0.07661610327720642,-0.07661610327720642,-0.15889643494975986,0.014582704503450672,455.32721738284005
1524451265.989643,0,1,202.2564052227149,77.2564052227149,38.00293753034953,483.6219965843399,26.40593199758564,-0.4142933848392364,1.5551720776696807,-0.08622990368843078,-0.08622990368843078,-0.1471795053516667,0.012378690607217302,457.07604471664797
1524451266.015563,0,1,224.077016990415,99.07701699041499,21.820611767700086,478.4114436288349,5.2105529555050225,-0.414792007041229,1.5546734554676882,-0.009613800411224364,-0.009613800411224364,-0.13618025916382073,0.010766699521831735,457.3453696349183
1524451266.040637,0,1,231.75141790433597,106.75141790433597,7.674400913920977,463.56468786306687,14.846755765768023,-0.41504212671455937,1.5544233357943578,-0.1341027057361603,-0.1341027057361603,-0.07580568045142415,0.003562903276334129,461.73056853227394
1524451266.064204,0,1,245.14899266260412,120.14899266260412,13.39757475826815,473.24760147070214,9.682913607635271,-0.4151594991473225,1.5543059633615948,-0.05748660245895385,-0.05748660245895385,-0.08308777523727234,0.004249921325007455,458.8463313406703
1524451266.091078,0,1,246.76510077439866,121.76510077439866,1.6161081117945457,458.158596691969,15.089004778733113,-0.41519830911267563,1.5542671533962416,-0.1628460069656372,-0.1628460069656372,-0.12948150207654274,0.010095142289694103,456.5299129106983
1524451266.117001,0,1,281.7618826378028,156.76188263780278,34.996781863404124,411.00688898839525,47.15170770357378,-0.4150080388870087,1.5544574236219084,-0.10535940450668335,-0.14371650614738465,-0.15489029988021208,0.01500515945138259,454.6465445917804
1524451266.142467,0,1,240.93185755373506,115.93185755373506,40.83002508406773,467.2026017624198,56.19571277402457,-0.41486109944947674,1.5546043630594404,-0.24907591065406798,-0.24907591065406798,-0.21488164439723878,0.028645536858562082,450.66042776030315
1524451266.168254,0,1,238.78313999763228,113.78313999763228,2.148717556102781,433.75153389680025,33.451067865619564,-0.414630644014728,1.5548348184941891,-0.2107188090133667,-0.2107188090133667,-0.17178648943940453,0.01805565038485124,453.60035234001754
1524451266.211977,0,1,220.84891794008243,95.84891794008243,17.934222057549846,532.5408550870003,98.78932119020004,-0.4144345235599999,1.5550309389489172,-0.15333030655860902,-0.15333030655860902,-0.09961906219191127,0.005658333760275469,459.1903949089881
1524451266.237913,0,1,214.6693709201336,89.66937092013359,6.179547019948842,478.170021010249,54.370834076751294,-0.4143853988504753,1.5550800636584419,-0.43114951844215393,-0.43114951844215393,-0.1232949288750514,0.00888197158095494,456.2759513978589
1524451266.264716,0,1,198.96144027162816,73.96144027162816,15.707930648505425,482.0398139498816,3.869792939632589,-0.41424793785273245,1.5552175246561848,-0.29694871270179746,-0.29694871270179746,-0.14155679093408005,0.011723598383402534,455.0354192283471
1524451266.291631,0,1,194.9102640663168,69.91026406631681,4.05117620531135,455.15833185358,26.881482096301568,-0.4143261404956962,1.555139322013221,-0.3256920139312744,-0.3256920139312744,-0.12205845313023618,0.008608046700069427,455.1415461842231
1524451266.319711,0,1,223.68994823634785,98.68994823634785,28.779684170031032,454.8133718133718,0.3449600402082069,-0.41446812213647133,1.554997340372446,-0.402406217212677,-0.402406217212677,-0.0875678972199492,0.004390503383720268,457.917592751405
1524451266.349506,0,1,231.07268153707477,106.07268153707477,7.382733300726926,506.8100242218711,51.9966524084993,-0.41450722578543564,1.5549582367234815,-0.3353058143424988,-0.3353058143424988,-0.013815013345519581,0.00010582452382124075,464.9935995881737
1524451266.376654,0,1,231.86723434969358,106.86723434969358,0.7945528126188037,427.21921810699587,79.59080611487525,-0.41465325519998264,1.5548122073089345,-0.25868971106529237,-0.25868971106529237,-0.06640756056114808,0.0024645407618516524,461.5154658864278
1524451266.405016,0,1,228.391453067836,103.39145306783601,3.4757812818575644,466.7078168432124,39.488598736216545,-0.4147362406463872,1.55472922186253,-0.18197550778388977,-0.2012031086063385,-0.09657312692976006,0.0050553655867388025,457.277017433678
1524451266.43022,0,1,225.29046066821044,100.29046066821044,3.100992399625568,426.6644890283681,40.043327814844304,-0.41471105079597687,1.5547544117129404,-0.10535940450668335,-0.10535940450668335,-0.06967643539858155,0.0027151397324728377,457.94815039087837
1524451266.456591,0,1,250.8667842966993,125.86678429669931,25.576323628488865,441.87021775672275,15.205728728354643,-0.4146335629966926,1.5548318995122246,-0.05748660245895385,-0.05748660245895385,-0.006626134151306555,2.5277188008931972e-05,460.3146519929068
1524451266.482677,0,1,269.33908757175317,144.33908757175317,18.47230327505386,426.1300522470189,15.740165509703843,-0.414521228044932,1.5549442344639852,-0.07661610327720642,-0.07661610327720642,-0.06744452504753651,0.0025115024202770897,454.3429176907449
1524451266.509939,0,1,246.7814550692631,121.7814550692631,22.557632502490065,433.5557067425423,7.425654495523418,-0.4145021219760891,1.554963340532828,-0.18197550778388977,-0.18197550778388977,-0.052509327392722606,0.0015714672234391491,455.67536763708847
1524451266.535738,0,1,211.34853178342811,86.34853178342811,35.43292328583499,437.3362957694717,3.7805890269293627,-0.41442907153233255,1.5550363909765847,-0.24907591065406798,-0.24907591065406798,-0.04838902169670748,0.001327331561523204,456.28900716564226
1524451266.562741,0,1,256.4681968928471,131.46819689284712,45.119665109419,484.62299161446134,47.28669584498965,-0.4144094035254671,1.5550560589834501,-0.25868971106529237,-0.25868971106529237,-0.0563110701420869,0.0017969154045510694,457.1202862771293
1524451266.587539,0,1,228.62378243666993,103.62378243666993,27.84441445617719,487.5739064055365,2.9509147910751494,-0.41432588534909565,1.5551395771598215,-0.3449196147537231,-0.3449196147537231,0.050189144752514465,0.0014471607567139166,464.4940574432912
1524451266.615315,0,1,238.8252383197624,113.8252383197624,10.201455883092478,462.6643968224427,24.90950958309378,-0.41434927168213764,1.5551161908267797,-0.25868971106529237,-0.3353058143424988,0.08171552283105506,0.003853745341360404,466.9835057769853
1524451266.639472,0,1,213.67856460278517,88.67856460278517,25.146673716977233,471.16115860919246,8.496761786749744,-0.4143972233442971,1.55506823916462,-0.30656251311302185,-0.30656251311302185,0.16795396000245041,0.015624292316256505,475.28101213249784
1524451266.667086,0,1,191.3395239116218,66.3395239116218,22.339040691163376,566.6305943748154,95.4694357656229,-0.41432429698092976,1.5551411655279874,-0.2682054114723206,-0.2682054114723206,0.19813878295127227,0.021541869438505445,477.8590960024639
1524451266.692647,0,1,202.8183458940117,77.81834589401171,11.478821982389917,483.9824445303138,82.64814984450157,-0.4143579280386954,1.5551075344702219,-0.17245980737686156,-0.17245980737686156,0.13803886358497602,0.010624619440637084,473.85703226668096
1524451266.71723,0,1,227.16734966181832,102.16734966181832,24.349003767806607,472.6537567585271,11.32868777178669,-0.414352914414694,1.5551125480942232,-0.24907591065406798,-0.24907591065406798,0.12901426731772553,0.009237129190191706,472.49065063932466
1524451266.743729,0,1,238.72240309655527,113.72240309655527,11.555053434736948,418.465512808837,54.188243949690104,-0.41420095137353774,1.5552645111353796,-0.23946211024284364,-0.23946211024284364,0.19202208663829684,0.019672385635773115,478.4455257131287
1524451266.769308,0,1,193.64943575264874,68.64943575264874,45.07296734390653,498.6694393251211,80.20392651628413,-0.4141519401255845,1.5553135223833328,-0.15333030655860902,-0.15333030655860902,0.1538433594205921,0.01281196121518613,476.574260410667
1524451266.79589,0,1,232.60548151047976,107.60548151047976,38.95604575783102,468.89516399849873,29.774275326622387,-0.4141273703612025,1.5553380921477147,-0.2299464098358154,-0.2299464098358154,0.1642891407132399,0.014233084634662885,478.7984862033364
1524451266.821245,0,1,248.2883000595249,123.28830005952489,15.682818549045123,506.95265343276805,38.057489434269314,-0.41405344481534645,1.5554120176935706,-0.2012031086063385,-0.2012031086063385,0.19285309317829394,0.01994802676629659,481.73851055205785
1524451266.848142,0,1,250.31089407752322,125.31089407752322,2.0225940179983297,499.2320363917925,7.720617040975526,-0.41403877146227963,1.5554266910466374,-0.1628460069656372,-0.1628460069656372,0.2126833827451123,0.02373799482739658,485.78364899427663
1524451266.872221,0,1,266.7735829756986,141.77358297569862,16.4626888981754,510.7572519462947,11.525215554502154,-0.4140782324589828,1.5553872300499343,-0.24907591065406798,-0.24907591065406798,0.21990342400617438,0.025156096447657594,485.41929240114365
1524451266.896521,0,1,237.4334409846075,112.4334409846075,29.340141991091116,394.24108267645687,116.5161692698378,-0.4140924201267726,1.5553730423821446,-0.2299464098358154,-0.2299464098358154,0.19802915215396838,0.019500903264960345,484.0256902060226
1524451266.92473,0,1,235.57793390370932,110.57793390370932,1.8555070808981782,451.04225694092247,56.8011742644656,-0.41407251112216,1.5553929513867573,-0.2107188090133667,-0.2107188090133667,0.14158588272678632,0.009609110381934016,479.5595413484598
1524451266.950255,0,1,269.30992279816417,144.30992279816417,33.731988894454844,438.2964075825237,12.745849358398743,-0.4140383419774835,1.5554271205314336,-0.23946211024284364,-0.23946211024284364,0.1203533386749668,0.007047524539321004,479.3093675320771
1524451266.976643,0,1,217.27877539264747,92.27877539264747,52.03114740551669,503.83982454079086,65.54341695826713,-0.41397460582945667,1.5554908566794605,-0.17245980737686156,-0.17245980737686156,0.2209964083830446,0.022897531672590565,488.0270159221137
1524451267.000914,0,1,283.10600634442545,158.10600634442545,65.82723095177798,540.1478450632444,36.308020522453546,-0.4140573459929263,1.555408116515991,-0.29694871270179746,-0.22033260942459107,0.22604412172081112,0.02363653889551187,488.9417699217251
1524451267.025427,0,1,203.46938129225737,78.46938129225737,79.63662505216809,479.69556092923614,60.452284134008266,-0.41410121665499683,1.5553642458539203,-0.22033260942459107,-0.22033260942459107,0.21686145498844145,0.021480744961646425,488.3624014862708
1524451267.051601,0,1,215.33268686040742,90.33268686040742,11.863305568150054,452.5296554144504,27.16590551478572,-0.4140768828238461,1.555388579685071,-0.19158930819511413,-0.19158930819511413,0.21103878981270224,0.020558733966920206,487.546576973782
1524451267.078372,0,1,231.53988517703215,106.53988517703215,16.207198316624726,468.68204694481074,16.15239153036032,-0.41402316379893844,1.5554422987099787,-0.2299464098358154,-0.2299464098358154,0.1576824832441441,0.011318080367652805,482.5543899740578
1524451267.106358,0,1,259.60543544183,134.60543544183002,28.065550264797878,461.3365861208031,7.3454608240076595,-0.41413058409133957,1.5553348784175776,-0.22033260942459107,-0.22033260942459107,0.09751175835237975,0.004421067728298533,479.7105385963384
1524451267.133108,0,1,226.20415611796435,101.20415611796435,33.40127932386568,446.3569816185691,14.979604502233997,-0.4140423973626376,1.5554230651462797,-0.18197550778388977,-0.18197550778388977,0.11519276112938334,0.006102185614569322,480.976306342283
1524451267.157966,0,1,243.0260814763616,118.02608147636161,16.821925358397266,438.5219332866207,7.8350483319483715,-0.41399344533094223,1.555472017177975,-0.30656251311302185,-0.30656251311302185,0.09013508632138237,0.003750185688196961,479.5888580808822
1524451267.184746,0,1,219.5002961175596,94.5002961175596,23.52578535880201,456.1578423583687,17.635909071748017,-0.4140376172476614,1.5554278452612558,-0.12458700532913207,-0.12458700532913207,0.0754567477813014,0.00278560091035418,477.1646221573418
1524451267.210611,0,1,220.02258282000102,95.02258282000102,0.52228670244142,441.2350184273364,14.922823931032326,-0.41398395781023123,1.5554815046986858,-0.2299464098358154,-0.2299464098358154,0.06903644057769708,0.002317151975803511,475.48421158864113
1524451267.237895,0,1,259.92222491149835,134.92222491149835,39.89964209149733,378.80422752818487,62.43079089915153,-0.4139647021901734,1.5555007603187438,-0.18197550778388977,-0.18197550778388977,-0.03101358392060318,0.0004488532519142385,467.40746252030664
1524451267.263182,0,1,179.09823068176067,54.09823068176067,80.82399422973768,493.5659605337389,114.76173300555405,-0.4139697755093646,1.5554956869995527,-0.22033260942459107,-0.22033260942459107,-0.00740455357542771,2.5171985029937005e-05,470.3452180700071
1524451267.288729,0,1,229.35707158431418,104.35707158431418,50.258840902553516,446.19746647730835,47.36849405643056,-0.41392076007554623,1.5555447024333708,-0.2778192118835449,-0.2778192118835449,-0.05646493486600439,0.001446862907757307,466.53114413797283
1524451267.315712,0,1,276.12430662852967,151.12430662852967,46.76723504421548,432.93335246472043,13.264114012587925,-0.41388091077046074,1.5555845517384563,-0.25868971106529237,-0.25868971106529237,-0.042373612580336416,0.0007859522561866061,467.1739621405012
1524451267.339948,0,1,262.91945085145755,137.91945085145755,13.204855777072112,507.37396790140923,74.4406154366888,-0.41391451538992824,1.555550947118989,-0.2299464098358154,-0.2299464098358154,0.017874542985244078,0.0001447021713031349,469.26266262755047
1524451267.366588,0,1,250.28264204041116,125.28264204041116,12.636808811046393,452.69791767573014,54.67605022567909,-0.41395844272146026,1.555507019787457,-0.22033260942459107,-0.22033260942459107,0.007907331410632634,2.917263515267443e-05,469.6157213303939
1524451267.391952,0,1,272.7702498648493,147.7702498648493,22.48760782443813,485.02091507347694,32.3229973977468,-0.4140058513741408,1.5554596111347765,-0.17245980737686156,-0.17245980737686156,-0.026538743445447748,0.0003293347464859986,467.32898810647663
1524451267.419295,0,1,232.28735652721852,107.28735652721852,40.48289333763077,455.4690345282974,29.55188054517953,-0.4140210569495211,1.5554444055593961,-0.2682054114723206,-0.2682054114723206,-0.1321888422140757,0.008300933665813304,459.32490228398126
1524451267.444886,0,1,203.49750843025151,78.49750843025151,28.789848096967006,424.8019530609643,30.667081467333105,-0.41404536745147014,1.555420095057447,-0.17245980737686156,-0.17245980737686156,-0.15687471550721915,0.011649712013460434,457.98161904826975
1524451267.472198,0,1,255.96329742033413,130.96329742033413,52.465788990082615,431.6877506979108,6.885797636946506,-0.4140249409238728,1.5554405215850444,-0.24907591065406798,-0.24907591065406798,-0.24106864771786582,0.028271312656281244,451.55266164241385
1524451267.496397,0,1,281.5469329424827,156.54693294248273,25.583635522148597,447.664366763584,15.97661606567317,-0.4139902263119964,1.5554752361969209,-0.30656251311302185,-0.30656251311302185,-0.2728576515154159,0.03706160664967473,449.6488818167483
1524451267.521966,0,1,242.16469634551837,117.16469634551837,39.38223659696436,450.68457232775455,3.020205564170567,-0.41397035849898417,1.555495104009933,-0.10535940450668335,-0.10535940450668335,-0.30188524889177154,0.04496458479778309,447.64007933252685
1524451267.548692,0,1,219.24063320162313,94.24063320162313,22.92406314389524,458.4841702368342,7.799597909079637,-0.4139891652089969,1.5554762972999203,-0.2874330122947693,-0.2874330122947693,-0.3230290007081578,0.051157439396836035,445.1679858716876
1524451267.575067,0,1,167.98868005733758,42.988680057337575,51.25195314428555,457.4590882294165,1.0250820074176659,-0.4140327881321904,1.5554326743767268,-0.17245980737686156,-0.17245980737686156,-0.28915214737461997,0.04147479818345312,446.35155235195805
1524451267.602937,0,1,258.6897282043225,133.68972820432248,90.7010481469849,447.2726011453062,10.186487084110297,-0.4140424966569159,1.5554229658520013,-0.17245980737686156,-0.17245980737686156,-0.3122759829382722,0.04768327068864375,444.0928209135246
1524451267.627846,0,1,240.4138616586358,115.4138616586358,18.275866545686682,441.2221795659296,6.050421579376632,-0.4139687899595347,1.5554966725493826,-0.22033260942459107,-0.22033260942459107,-0.2803989089133739,0.03658543934849012,446.398607706391
1524451267.652802,0,1,253.55912127408146,128.55912127408146,13.145259615445667,506.78091812702866,65.55873856109906,-0.4139682277348635,1.5554972347740537,-0.2682054114723206,-0.2682054114723206,-0.2533918808468739,0.031235783948714846,446.4077094474442
1524451267.679096,0,1,243.07089796622049,118.07089796622049,10.488223307860977,459.8044531642069,46.97646496282175,-0.4139579450860333,1.5555075174228838,-0.2012031086063385,-0.2012031086063385,-0.24598691889826865,0.029465403924990082,446.3271247088854
1524451267.703817,0,1,256.4995732392192,131.49957323921922,13.428675272998731,418.54655330967927,41.257899854527636,-0.4139478520632422,1.555517610445675,-0.29694871270179746,-0.29694871270179746,-0.21972136101570847,0.023240830720383854,448.3956240328673
1524451267.732476,0,1,258.76709838715584,133.76709838715584,2.267525147936624,497.29645849822236,78.7499051885431,-0.4139031020913279,1.5555623604175892,-0.15333030655860902,-0.15333030655860902,-0.18376627683118035,0.01638506518661209,452.9665927076181
1524451267.75912,0,1,262.98258304901657,137.98258304901657,4.215484661860728,522.379631134615,25.083172636392646,-0.41385909957149153,1.5556063629374257,-0.2682054114723206,-0.2682054114723206,-0.15306090462847693,0.011740426353455957,454.80938077285975
1524451267.78718,0,1,243.22266510337172,118.22266510337172,19.759917945644844,489.86382553582945,32.51580559878556,-0.41380877616416956,1.5556566863447476,-0.23946211024284364,-0.23946211024284364,-0.07043175392574672,0.0024366068372743133,461.8436574956828
1524451267.810854,0,1,274.5369809317287,149.5369809317287,31.314315828356968,428.79379221925393,61.07003331657552,-0.4137986251200227,1.5556668373888944,-0.25868971106529237,-0.17245980737686156,-0.12350907422221372,0.0073602661016153315,455.21018301206453
1524451267.841527,0,1,273.42640179217716,148.42640179217716,1.1105791395515325,455.6874768424065,26.89368462315258,-0.41381284757231607,1.555652614936601,-0.29694871270179746,-0.29694871270179746,-0.01791147154358991,0.00016266624169747335,462.37991113707
1524451267.870307,0,1,215.13615083464796,90.13615083464796,58.290250957529196,474.43014402087846,18.742667178471947,-0.4136945287220102,1.555770933786907,-0.25868971106529237,-0.25868971106529237,-0.02650972903037178,0.0003690570296925877,461.09100924067627
1524451267.900695,0,1,237.17254814315518,112.17254814315518,22.03639730850722,426.91859763500617,47.51154638587229,-0.4137438445487661,1.5557216179601512,-0.2874330122947693,-0.2874330122947693,-0.11932400240911852,0.007455366500064731,451.9690893992675
1524451267.924159,0,1,284.91793867940595,159.91793867940595,47.74539053625077,475.38222142126415,48.46362378625798,-0.41383653484481997,1.555628927664097,-0.24907591065406798,-0.24907591065406798,-0.11134463975967851,0.006650481801140806,453.71669980586853
1524451267.950954,0,1,228.03913043189502,103.03913043189502,56.87880824751093,481.1130616263174,5.730840205053255,-0.4138365351843196,1.5556289273245976,-0.14371650614738465,-0.14371650614738465,-0.1103504972267286,0.006449759229779417,452.58761518629683
1524451267.979111,0,1,225.7553218307763,100.7553218307763,2.2838086011187215,426.50081811165427,54.612243514663135,-0.41392012546919693,1.5555453370397203,-0.29694871270179746,-0.2682054114723206,-0.01999178012638101,0.00022250621313069097,457.459225562391
1524451268.007893,0,1,247.19778606481404,122.19778606481404,21.442464234037743,455.84671443325004,29.345896321595774,-0.41394432022768046,1.5555211422812367,-0.18197550778388977,-0.18197550778388977,0.01277764930208354,9.058409953777158e-05,459.37436969552306
1524451268.035762,0,1,226.06966533586288,101.06966533586288,21.12812072895116,479.8009107137438,23.95419628049376,-0.41389542892337006,1.5555700335855471,-0.2012031086063385,-0.2012031086063385,0.06120880342788693,0.0020506089430325503,463.72913903313446
1524451268.061849,0,1,257.08531466741664,132.08531466741664,31.01564933155376,490.44341577135054,10.64250505760674,-0.4139006750602362,1.5555647874486809,-0.2012031086063385,-0.2012031086063385,0.1192612792764109,0.007508566761693758,470.6780658072327
1524451268.088332,0,1,254.1705706548867,129.1705706548867,2.914744012529951,516.3462049181875,25.902789146836938,-0.41382189399394137,1.5556435685149759,-0.25868971106529237,-0.25868971106529237,0.11338583510906634,0.0069681313520584265,469.06694814559467
1524451268.11468,0,1,275.8212095927825,150.8212095927825,21.65063893789582,424.82321881833485,91.52298609985263,-0.4137879225986323,1.555677539910285,-0.2778192118835449,-0.2778192118835449,0.15067577474348404,0.012216048374311228,471.55661941625755
1524451268.140525,0,1,254.40409578975675,129.40409578975675,21.417113803025757,478.7948940543427,53.971675236007854,-0.41377324870641136,1.5556922138025058,-0.2107188090133667,-0.2107188090133667,0.10833943824171798,0.006115481632066655,467.20167694790246
1524451268.166424,0,1,225.48118324027703,100.48118324027703,28.92291254947972,435.8878394491808,42.90705460516193,-0.41373840346105234,1.555727059047865,-0.30656251311302185,-0.30656251311302185,0.06124990048780189,0.0019617221248711125,463.45461029025836
1524451268.195661,0,1,196.95946563708148,71.95946563708148,28.521717603195555,459.95253065761614,24.064691208435363,-0.4136506549062889,1.5558148076026284,-0.2299464098358154,-0.2299464098358154,0.076886004931201,0.003100589357482142,465.0617845763045
1524451268.223529,0,1,202.39004707048187,77.39004707048187,5.430581433400391,461.36415233583904,1.4116216782229003,-0.4137098752197668,1.5557555872891504,-0.2107188090133667,-0.2107188090133667,0.044946925483547465,0.0010900105327169562,464.9025168602582
1524451268.24962,0,1,215.67598488747805,90.67598488747805,13.285937816996181,513.2101289099357,51.84597657409671,-0.41357806384390766,1.5558873986650095,-0.22033260942459107,-0.22033260942459107,0.10668045571748497,0.006196676693142056,469.84122069815487
1524451268.277365,0,1,204.87942590141117,79.87942590141117,10.796558986066884,445.8815649373787,67.32856397255705,-0.41357749616178313,1.555887966347134,-0.1628460069656372,-0.1628460069656372,0.0904499975592696,0.0043290652338588975,469.40706816814924
1524451268.303652,0,1,215.82368003635523,90.82368003635523,10.94425413494406,470.1180836556896,24.23651871831089,-0.41359222525406125,1.5558732372548558,-0.24907591065406798,-0.24907591065406798,0.0755789714921994,0.0031423402711647785,469.08697174973
1524451268.330619,0,1,187.86983306186275,62.86983306186275,27.95384697449248,488.3094889795282,18.191405323838637,-0.41355166892036627,1.555913793588551,-0.2874330122947693,-0.2874330122947693,0.11643717640066079,0.007659985779324474,471.6952474751233
1524451268.358244,0,1,224.65691051728933,99.65691051728933,36.787077455426584,491.7915579678576,3.482068988329388,-0.4136546985279634,1.5558107639809537,-0.2107188090133667,-0.2107188090133667,0.10283227380847934,0.0060233650828930285,470.4593964220778
1524451268.385585,0,1,232.2517315053284,107.2517315053284,7.594820988039061,477.71335969494794,14.078198272909674,-0.4137085909135785,1.5557568715953387,-0.29694871270179746,-0.29694871270179746,0.16842231909820662,0.015493859066758597,476.7457082625576
1524451268.413912,0,1,237.65394879216842,112.65394879216842,5.4022172868400276,407.87030244499175,69.84305724995619,-0.4137073504056679,1.5557581121032493,-0.24907591065406798,-0.24907591065406798,0.1276775426117885,0.008577069879630916,474.5272542324699
1524451268.439491,0,1,226.02317336188307,101.02317336188307,11.630775430285354,549.9273332251051,142.0570307801134,-0.4137317868594942,1.555733675649423,-0.17245980737686156,-0.17245980737686156,0.16038700815703041,0.013343739887127337,477.22670497874583
1524451268.466705,0,1,194.63274335020995,69.63274335020995,31.390430011673118,461.4558642808086,88.47146894429653,-0.4137222464316733,1.5557432160772438,-0.2682054114723206,-0.2682054114723206,0.10662734698388392,0.005977020838239588,474.2912948207754
1524451268.494333,0,1,269.53255974921063,144.53255974921063,74.89981639900068,445.62966308180285,15.826201199005766,-0.41370225680300365,1.5557632057059134,-0.23946211024284364,-0.23946211024284364,0.08747907870407946,0.004062941969485423,472.4315957574301
1524451268.518249,0,1,248.28178202867767,123.28178202867767,21.250777720532966,438.531519969707,7.0981431120958405,-0.41376067299514846,1.5557047895137688,-0.2778192118835449,-0.2778192118835449,0.017436256317463726,0.00015923452521404702,466.4690969600494
1524451268.543714,0,1,236.74496974549425,111.74496974549425,11.536812283183423,459.2553153622619,20.723795392554905,-0.41374063366919767,1.5557248288397196,-0.23946211024284364,-0.23946211024284364,0.06042291865399401,0.001838593493289964,470.9169784502709
1524451268.56922,0,1,260.93875570057804,135.93875570057804,24.193785955083797,535.0223846827779,75.76706932051599,-0.41375553877919896,1.5557099237297183,-0.2682054114723206,-0.2682054114723206,0.06665967494624854,0.0022294064581128703,471.4044832914952
1524451268.595383,0,1,252.9495192209814,127.94951922098139,7.989236479596656,439.3540297339593,95.6683549488186,-0.4138881182951372,1.55557734421378,-0.25868971106529237,-0.25868971106529237,0.03862596639257304,0.000762881167405971,469.9245109585834
1524451268.621835,0,1,240.4694753113006,115.46947531130061,12.480043909680774,449.17071254595976,9.816682812000465,-0.4138878762483873,1.5555775862605299,-0.2874330122947693,-0.2874330122947693,0.0022843960518335346,2.734743386301197e-06,467.93935220171943
1524451268.645868,0,1,237.29685122824597,112.29685122824597,3.172624083054643,433.45171517787026,15.718997368089504,-0.4138197229367144,1.5556457395722028,-0.22033260942459107,-0.22033260942459107,-0.006430743881153777,2.2597715450656253e-05,466.718737585462
1524451268.672733,0,1,284.16920019063684,159.16920019063684,46.87234896239087,450.6570006467512,17.20528546888096,-0.41385901316716456,1.5556064493417527,-0.25868971106529237,-0.23946211024284364,-0.05968604717113228,0.001949051829815196,462.134320142893
1524451268.700188,0,1,267.63486008488434,142.63486008488434,16.534340105752506,405.65783475519646,44.99916589155475,-0.4139126595318144,1.5555528029771029,-0.2107188090133667,-0.2107188090133667,-0.05078879151896418,0.0014271333138590192,462.03361552425724
1524451268.724397,0,1,240.7718693343693,115.77186933436931,26.862990750515024,490.1555482965544,84.49771354135794,-0.41392152351219363,1.5555439389967236,-0.2778192118835449,-0.2778192118835449,-0.0057892165749668534,1.8227512748936192e-05,464.83937853157977
1524451268.75081,0,1,235.07194097151057,110.07194097151057,5.699928362858742,450.17914264118343,39.97640565537097,-0.413867858504136,1.5555976040047812,-0.30656251311302185,-0.30656251311302185,-0.009649367697812146,5.065740130683061e-05,463.42698940451356
1524451268.77584,0,1,218.78369849829082,93.78369849829082,16.288242473219753,428.28791265868,21.891229982503432,-0.4138779909855483,1.5555874715233688,-0.24907591065406798,-0.24907591065406798,0.03676997176055658,0.0007588301720056201,465.63002264154346
1524451268.801891,0,1,211.99746046486368,86.99746046486368,6.786238033427139,460.1989050494753,31.910992390795286,-0.41389246811454733,1.55557299439437,-0.23946211024284364,-0.23946211024284364,0.035046969025111833,0.0007044962803609556,467.42014361741576
1524451268.82868,0,1,247.6117661895694,122.61176618956941,35.61430572470573,490.60189478460376,30.40298973512847,-0.4140349515478818,1.5554305109610354,-0.22033260942459107,-0.22033260942459107,0.03389017774041181,0.0006443043521421332,466.90642097681626
1524451268.855214,0,1,240.20096621152507,115.20096621152507,7.410799978044338,474.37770730606877,16.224187478534986,-0.41401974076367604,1.555445721745241,-0.24907591065406798,-0.24907591065406798,0.0359155790920101,0.0007278686739008445,467.19838144320136
1524451268.880552,0,1,233.02686362992043,108.02686362992043,7.174102581604643,455.7301679040024,18.647539402066343,-0.4140974769702712,1.555367985538646,-0.17245980737686156,-0.17245980737686156,-0.040372229020525806,0.0009398037263183001,462.57496376663397
1524451268.907135,0,1,210.2116572706957,85.2116572706957,22.81520635922473,442.52730344741053,13.202864456591897,-0.4141067727380039,1.5553586897709133,-0.17245980737686156,-0.17245980737686156,-0.05299246023532576,0.0016705310258808836,462.06707211419814
1524451268.934433,0,1,235.1442498778467,110.1442498778467,24.93259260715101,457.4017670003768,14.87446355296629,-0.4141015829712836,1.5553638795376337,-0.2012031086063385,-0.2012031086063385,-0.0715194100422516,0.0030525166374937296,460.04838502071783
1524451268.960959,0,1,238.8274487752816,113.8274487752816,3.6831988974348917,450.1179424734499,7.283824526926935,-0.4140957994788186,1.5553696630300986,-0.23946211024284364,-0.23946211024284364,-0.1670720574951906,0.016172167848141572,451.96805071223935
1524451268.988639,0,1,216.27768947819376,91.27768947819376,22.54975929708783,378.66248879728556,71.45545367616432,-0.4141251231003316,1.5553403394085856,-0.2778192118835449,-0.2778192118835449,-0.23513469036147297,0.030560739861726804,445.62013873667405
1524451269.014732,0,1,205.02121459747505,80.02121459747505,11.256474880718713,461.11832758722966,82.4558387899441,-0.4141305823318639,1.5553348801770532,-0.2874330122947693,-0.2874330122947693,-0.18979667866999556,0.020566399093870258,448.08047750001356
1524451269.054039,0,1,252.3686550465603,127.36865504656029,47.34744044908524,427.2501780106206,33.868149576609085,-0.41413063210979373,1.5553348303991235,-0.24907591065406798,-0.24907591065406798,-0.14642287457275924,0.01229746011370414,451.35352014530633
1524451269.083631,0,1,202.3526745585569,77.35267455855691,50.01598048800338,449.2316282916456,21.981450281025047,-0.4141597876372609,1.5553056748716563,-0.2874330122947693,-0.2874330122947693,-0.08057571156424341,0.003861134175405234,455.70930798932613
1524451269.110995,0,1,255.45716593818588,130.45716593818588,53.10449137962897,484.84610818082433,35.61447988917871,-0.4142521446731538,1.5552133178357634,-0.31617631352424624,-0.31617631352424624,-0.062216252162609974,0.002392787440901989,457.649863898825
1524451269.139089,0,1,199.55506578507982,74.55506578507982,55.90210015310606,481.2360610707862,3.610047110038124,-0.41420790687145714,1.5552575556374602,-0.19158930819511413,-0.19158930819511413,-0.0725034199986121,0.003306575739509654,457.3260911966049
1524451269.166233,0,1,253.94373154269235,128.94373154269235,54.38866575761253,491.1033429809233,9.86728191013708,-0.41423728490057604,1.5552281776083412,-0.22033260942459107,-0.22033260942459107,-0.056967550034428834,0.0020165235698750283,461.502412219533
1524451269.195454,0,1,231.68975644019284,106.68975644019284,22.25397510249951,521.8325048802228,30.729161899299527,-0.41432026525257826,1.5551451972563388,-0.2107188090133667,-0.2107188090133667,-0.11573002800158326,0.008001853670495551,455.87355511069825
1524451269.220436,0,1,239.98674052307376,114.98674052307376,8.296984082880925,422.97476872142965,98.85773615879316,-0.4142905803754631,1.5551748821334541,-0.2012031086063385,-0.2012031086063385,-0.15953921232252274,0.014811430747334486,450.2137449845784
1524451269.246075,0,1,234.08936194333475,109.08936194333475,5.897378579739012,377.4234765501836,45.551292171246075,-0.41430535236406596,1.5551601101448513,-0.2682054114723206,-0.2682054114723206,-0.12747424566961982,0.009723284671248833,451.58575656508026
1524451269.272883,0,1,256.866575113941,131.866575113941,22.777213170606245,475.80881442405325,98.38533787386967,-0.41432524184799285,1.5551402206609244,-0.2107188090133667,-0.2107188090133667,-0.14682197595783314,0.013067567451803264,449.3990905117331
1524451269.298069,0,1,221.0792898395056,96.0792898395056,35.78728527443539,460.8548146125786,14.95399981147466,-0.41436451155845705,1.55510095095046,-0.3256920139312744,-0.3256920139312744,-0.08289419586692859,0.004087177390164842,455.25410846642296
1524451269.324759,0,1,232.37002290674772,107.37002290674772,11.290733067242115,491.24115892793793,30.386344315359338,-0.41432522113014536,1.5551402413787718,-0.2778192118835449,-0.2778192118835449,-0.0723737451977186,0.0031118295505517812,456.44303043360026
1524451269.353456,0,1,218.85919801938738,93.85919801938738,13.510824887360343,441.6983330091737,49.54282591876421,-0.4143404532128384,1.5551250092960789,-0.2874330122947693,-0.2874330122947693,-0.06873834196047733,0.0028188487282126973,456.4217763288891
1524451269.379014,0,1,216.76928916371,91.76928916371,2.089908855677379,477.3192149748997,35.62088196572597,-0.4143109400551196,1.5551545224537975,-0.2778192118835449,-0.2778192118835449,0.011922989901541704,8.625950747731537e-05,461.3812544858017
1524451269.404403,0,1,235.52433283451805,110.52433283451805,18.75504367080805,460.38604001530683,16.93317495959286,-0.41431633568089243,1.5551491268280246,-0.25868971106529237,-0.25868971106529237,-0.06407543071036098,0.002515113105211686,455.92623258760636
1524451269.433106,0,1,190.14587351197164,65.14587351197164,45.378459322546405,432.7165364664002,27.66950354890662,-0.41431609696416943,1.5551493655447477,-0.2107188090133667,-0.2107188090133667,-0.002015728535424116,2.682876234949561e-06,459.06872521331235
1524451269.460524,0,1,269.73849910935473,144.73849910935473,79.59262559738309,498.31982403663625,65.60328757023603,-0.4142378124659927,1.5552276500429245,-0.2107188090133667,-0.2107188090133667,0.08346261546403023,0.0042388973071953995,466.14333198783606
1524451269.484469,0,1,264.5860764148485,139.5860764148485,5.152422694506242,481.87122676706014,16.448597269576112,-0.4141989209844014,1.5552665415245157,-0.18197550778388977,-0.18197550778388977,0.02651622265054576,0.0004294075292917699,461.6889567796096
1524451269.511408,0,1,220.8388326222038,95.8388326222038,43.747243792644696,420.2903691192118,61.58085764784835,-0.41423836378231105,1.5552270987266061,-0.2107188090133667,-0.2107188090133667,-0.03259949078469722,0.0006300330641207941,456.91021431588064
1524451269.537195,0,1,247.7239430027959,122.72394300279589,26.885110380592096,405.60049773134443,14.689871387867356,-0.41421361771969273,1.5552518447892245,-0.2682054114723206,-0.2682054114723206,-0.05634505183406482,0.0019601568684068926,454.49241266915266
1524451269.564063,0,1,230.2610325320528,105.26103253205281,17.462910470743083,441.28236263065793,35.681864899313496,-0.41420848631576,1.5552569761931572,-0.29694871270179746,-0.29694871270179746,-0.027268500866186336,0.00047326439876038684,454.8237274039859
1524451269.593309,0,1,242.69277056403018,117.69277056403018,12.431738031977375,402.19157842014533,39.090784210512595,-0.4141833426411529,1.5552821198677642,-0.2874330122947693,-0.2874330122947693,-0.07057119944482285,0.0030353109158076656,450.3503597129173
1524451269.622257,0,1,284.9144553349765,159.91445533497648,42.2216847709463,398.4154907195525,3.776087700592825,-0.41418775924149176,1.5552777032674254,-0.30656251311302185,-0.30656251311302185,-0.0770418694663833,0.003481006187055935,449.2336002973662
1524451269.649666,0,1,260.3435197374127,135.3435197374127,24.57093559756379,517.1283631529321,118.71287243337963,-0.4142616452520834,1.5552038172568339,-0.2778192118835449,-0.2778192118835449,-0.0729613453430427,0.003114277277601607,450.4942155324553
1524451269.677093,0,1,251.9000359967179,126.90003599671789,8.443483740694802,466.77115398831967,50.35720916461247,-0.4142364988165437,1.5552289636923735,-0.24907591065406798,-0.24907591065406798,-0.09920097522396469,0.005793601768493861,449.6615693290724
1524451269.70452,0,1,230.783669934517,105.78366993451701,21.116366062200882,451.67754350530134,15.093610483018324,-0.41425052708502536,1.5552149354238918,-0.25868971106529237,-0.25868971106529237,-0.06477239190837679,0.0023630364011079097,451.4113722978544
1524451269.731316,0,1,281.05284085198775,156.05284085198775,50.269170917470746,498.24358117741355,46.5660376721122,-0.4142163537237619,1.5552491087851552,-0.22033260942459107,-0.22033260942459107,-0.0945688083644317,0.005054601256332947,448.1917050368743
1524451269.757522,0,1,189.100220657951,64.10022065795101,91.95262019403674,421.7309408816186,76.51264029579494,-0.41417631506790314,1.555289147441014,-0.18197550778388977,-0.18197550778388977,-0.06976302450670704,0.002745062565189804,451.3295375009012
1524451269.78436,0,1,231.1943715540896,106.1943715540896,42.094150896138586,511.15739001662064,89.42644913500203,-0.41418061835433545,1.5552848441545817,-0.2778192118835449,-0.2778192118835449,-0.096065869880232,0.005054142477120771,448.7796217622949
1524451269.812228,0,1,251.8020029523326,126.8020029523326,20.607631398243,418.5626116486353,92.59477836798533,-0.41416105090181704,1.5553044116071002,-0.23946211024284364,-0.23946211024284364,-0.06952635301730328,0.00264417309886944,449.53494971393866
1524451269.83975,0,1,245.7926127066991,120.79261270669909,6.0093902456335115,465.89522235139185,47.33261070275654,-0.41411151515437655,1.5553539473545406,-0.25868971106529237,-0.25868971106529237,-0.041393027147378816,0.0009469064425824403,451.34936357243487
1524451269.867796,0,1,242.44231855510336,117.44231855510336,3.350294151595733,479.6178709087796,13.722648557387743,-0.41415998243205787,1.5553054800768593,-0.2778192118835449,-0.2778192118835449,0.012984815201498955,8.91204246921129e-05,455.6580149981726
1524451269.895721,0,1,224.89068141720486,99.89068141720486,17.551637137898496,499.7456484502322,20.127777541452588,-0.4141258206653519,1.5553396418435652,-0.2012031086063385,-0.2012031086063385,0.054801270641625204,0.0015611803683557302,460.5705912379811
1524451269.919927,0,1,237.33270899090277,112.33270899090277,12.442027573697914,534.8173151447536,35.07166669452141,-0.4140474094525248,1.5554180530563924,-0.3256920139312744,-0.2778192118835449,0.07865290784333766,0.003146493427753305,462.8730518285112
1524451269.946109,0,1,269.8742563297787,144.8742563297787,32.541547338875915,448.84730510214973,85.97001004260386,-0.41403798369303113,1.555427478815886,-0.2682054114723206,-0.2682054114723206,0.03429578482002532,0.0005801827024516371,458.63132775286317
1524451269.975507,0,1,202.47776482373808,77.47776482373808,67.3964915060406,454.03097596807373,5.183670865924,-0.41399833228248684,1.5554671302264302,-0.22033260942459107,-0.22033260942459107,-0.04043023137870319,0.0008527107548000901,456.14169766341814
1524451270.000222,0,1,227.58101146354485,102.58101146354485,25.10324663980677,511.8597616375394,57.828785669465674,-0.41394460819946105,1.555520854309456,-0.2874330122947693,-0.2874330122947693,-0.0452619858468764,0.001070125765422425,455.60522256870587
1524451270.024536,0,1,203.00015707312357,78.00015707312357,24.58085439042128,443.16382447689284,68.69593716064657,-0.4139154477042274,1.5555500148046897,-0.1628460069656372,-0.1628460069656372,-0.07894379134146512,0.003236052411680568,453.0490312796445
1524451270.051913,0,1,233.87094037109264,108.87094037109264,30.87078329796907,448.28980592262883,5.125981445735988,-0.41384139134115205,1.5556240711677651,-0.25868971106529237,-0.25868971106529237,-0.06303931861375917,0.002026380768059499,452.7424352312232
1524451270.076076,0,1,175.78057385663385,50.78057385663385,58.09036651445879,426.5301219285893,21.759683994039506,-0.41378665584814384,1.5556788066607734,-0.24907591065406798,-0.24907591065406798,-0.07520160716692198,0.0028248483667271396,451.64782785462984
1524451270.101501,0,1,282.67063035204023,157.67063035204023,106.89005649540638,471.21628098043703,44.68615905184771,-0.4137669737315921,1.555698488777325,-0.1628460069656372,-0.1628460069656372,-0.01163784765129317,6.854731262995184e-05,456.5396441513131
1524451270.130259,0,1,240.60151262531437,115.60151262531437,42.069117726725864,450.6263729378229,20.589908042614127,-0.41387928659695983,1.5555861759119574,-0.24907591065406798,-0.24907591065406798,-0.03231451091185903,0.0005226496977357442,452.8669303667369
1524451270.158594,0,1,227.46869357146252,102.46869357146252,13.132819053851847,402.3302614158522,48.296111521970715,-0.4138597221224883,1.555605740386429,-0.2012031086063385,-0.2012031086063385,0.023108546279783516,0.0002609547296091863,456.27066465984825
1524451270.18552,0,1,216.50897943766026,91.50897943766026,10.959714133802265,414.9451070292617,12.6148456134095,-0.4138599475307694,1.5556055149781478,-0.30656251311302185,-0.30656251311302185,0.016829099662411123,0.0001461363667188964,454.19271352438255
1524451270.211596,0,1,207.9038513825935,82.9038513825935,8.605128055066757,436.0529078069385,21.1078007776768,-0.41379179292626656,1.5556736695826507,-0.30656251311302185,-0.30656251311302185,-0.01611624078208053,0.00013403488472452096,452.36206146069844
1524451270.239846,0,1,204.87009462440497,79.87009462440497,3.033756758188531,469.67233138987496,33.61942358293646,-0.4137867758420014,1.5556786866669157,-0.22033260942459107,-0.22033260942459107,-0.028081603510376422,0.000400829279581405,454.8423753049999
1524451270.265581,0,1,229.93656146897715,104.93656146897715,25.066466844572176,522.8671302193542,53.194798829479225,-0.41378647127089196,1.5556789912380253,-0.3256920139312744,-0.3256920139312744,-0.039492892762395156,0.0008113818419321905,453.82122889471873
1524451270.29261,0,1,216.12923941798942,91.12923941798942,13.807322050987722,470.12948249794744,52.737647721406745,-0.4137958915745191,1.555669570934398,-0.22033260942459107,-0.22033260942459107,0.010272448123294193,5.5978146453083966e-05,457.24278463372667
1524451270.318829,0,1,243.47113976498818,118.47113976498818,27.341900346998756,484.77591499569286,14.646432497745423,-0.4138001189641822,1.555665343544735,-0.22033260942459107,-0.22033260942459107,0.027493785516720007,0.0004018939460190829,456.84611827673234
1524451270.345436,0,1,249.72321819469403,124.72321819469403,6.252078429705847,406.1277675459052,78.64814744978764,-0.41384393765153005,1.5556215248573873,-0.23946211024284364,-0.23946211024284364,0.04683845817401289,0.0011446775362100592,458.86869153987266
1524451270.37246,0,1,229.08105269948373,104.08105269948373,20.642165495210293,489.49336494883687,83.36559740293166,-0.4138537049864105,1.5556117575225068,-0.19158930819511413,-0.19158930819511413,0.060097329190693424,0.001877401235661269,459.34840770602716
1524451270.398924,0,1,215.40501614049765,90.40501614049765,13.676036558986084,406.00240269734877,83.4909622514881,-0.413828361254981,1.5556371012539363,-0.25868971106529237,-0.25868971106529237,0.0601857392828354,0.0019038878713428797,459.0192284045966
1524451270.423988,0,1,193.80012361771537,68.80012361771537,21.60489252278228,505.49857348954623,99.49617079219746,-0.4137939532689999,1.5556715092399171,-0.2778192118835449,-0.2778192118835449,0.07776045345132358,0.003061875597653918,461.70544833006807
1524451270.451611,0,1,296.5800383568823,171.5800383568823,102.77991473916694,505.242179130707,0.256394358839259,-0.4137546674969568,1.5557107950119604,-0.2012031086063385,-0.2012031086063385,0.12083358555249726,0.007170841162079555,464.55982174606174
1524451270.477292,0,1,241.3395484539876,116.33954845398759,55.24048990289472,452.069194218755,53.17298491195197,-0.41369610517197714,1.55576935733694,-0.31617631352424624,-0.31617631352424624,0.12244227523681171,0.007547668169010867,463.80819207236806
1524451270.503956,0,1,259.6293523099455,134.6293523099455,18.2898038559579,400.7815651245282,51.287629094226816,-0.4136476305376318,1.5558178319712854,-0.2682054114723206,-0.2682054114723206,0.09641094398709962,0.004700572681220705,462.47071392373954
1524451270.529981,0,1,228.9413593735958,103.94135937359579,30.6879929363497,451.0343675938321,50.2528024693039,-0.4136323651524682,1.555833097356449,-0.18197550778388977,-0.18197550778388977,0.09631309086667532,0.004614744123197401,464.56635244908966
1524451270.554267,0,1,226.1192228949757,101.1192228949757,2.822136478620081,475.27659071499517,24.24222312116308,-0.41355354382784926,1.555911918681068,-0.30656251311302185,-0.30656251311302185,0.18838902984019884,0.01647744525876127,473.6867672567802
1524451270.580407,0,1,235.48123711325027,110.48123711325027,9.362014218274567,543.9838564451569,68.70726573016174,-0.4135979537301339,1.5558675087787832,-0.23946211024284364,-0.2682054114723206,0.12396307663970298,0.007431984291147441,470.5660850129954
1524451270.605049,0,1,199.53219465183233,74.53219465183233,35.949042461417946,448.64439962851566,95.33945681664125,-0.41362280476863733,1.5558426577402797,-0.25868971106529237,-0.25868971106529237,0.053464600621159354,0.0013649734845831984,465.98723098941485
1524451270.632603,0,1,235.9445585743066,110.9445585743066,36.41236392247427,440.33744978881913,8.306949839696529,-0.41355900582654276,1.5559064566823744,-0.3256920139312744,-0.3256920139312744,0.04382228374587641,0.0008966740309911404,463.33555850455554
1524451270.658108,0,1,230.32731222524777,105.32731222524777,5.617246349058831,419.56373369150714,20.77371609731199,-0.41344696485115257,1.5560184976577647,-0.19158930819511413,-0.19158930819511413,0.05743433409803233,0.001517523720748426,464.32716643901
1524451270.683492,0,1,241.25204543373468,116.25204543373468,10.924733208486913,468.3882644808273,48.824530789320136,-0.4134372958102526,1.5560281666986646,-0.2778192118835449,-0.2778192118835449,0.015469115784376384,0.00010917735081039659,460.2332318208509
1524451270.709427,0,1,220.8897748515403,95.8897748515403,20.362270582194384,446.92575473027676,21.46250975055051,-0.4134863521098214,1.5559791103990959,-0.23946211024284364,-0.29694871270179746,-0.0031502371403539153,4.709851779138852e-06,458.00755083893415
1524451270.735059,0,1,211.86559465464063,86.86559465464063,9.024180196899664,429.4570732440852,17.468681486191542,-0.4134764555612964,1.5559890069476208,-0.22033260942459107,-0.22033260942459107,-0.029923726610415296,0.0004180886145515039,457.28788315109296
1524451270.759315,0,1,226.64980090383122,101.64980090383122,14.78420624919059,545.0753662840813,115.61829303999605,-0.41350496151115024,1.555960500997767,-0.25868971106529237,-0.25868971106529237,0.023013447382039982,0.0002435186674837331,461.00802723640913
1524451270.78655,0,1,227.38422834051144,102.38422834051144,0.734427436680221,480.24698392696155,64.82838235711972,-0.4135385305355514,1.5559269319733657,-0.2874330122947693,-0.2874330122947693,-0.002803022931322052,3.682807536931065e-06,459.79247120639076
1524451270.815369,0,1,214.84071862830635,89.84071862830635,12.543509712205093,438.36448202220487,41.88250190475668,-0.41345052512374064,1.5560149373851766,-0.2012031086063385,-0.2012031086063385,-0.044336528684458636,0.0009293014463371829,456.219214771913
1524451270.842012,0,1,246.97347524057025,121.97347524057025,32.132756612263904,406.07447094227473,32.29001107993014,-0.4134500479967437,1.5560154145121734,-0.31617631352424624,-0.31617631352424624,-0.04981163727352479,0.001202779175504598,455.84273951541695
1524451270.869759,0,1,276.34554453078397,151.34554453078397,29.372069290213716,452.2050810448968,46.130610102622086,-0.41342070678116727,1.55604475572775,-0.24907591065406798,-0.1628460069656372,-0.010137217712786724,5.165139017215825e-05,458.5287633834741
1524451270.895902,0,1,248.12004260459858,123.12004260459858,28.225501926185387,468.33999241787404,16.13491137297723,-0.41344867113985656,1.5560167913690606,-0.25868971106529237,-0.25868971106529237,0.023176647488303014,0.0002709140389104414,459.2273800704794
1524451270.920463,0,1,262.6863144321151,137.68631443211513,14.566271827516545,435.6341943441964,32.70579807367767,-0.4134787025918466,1.5559867599170705,-0.24907591065406798,-0.24907591065406798,0.05479995081158483,0.0015254638162770506,461.30850288848836
1524451270.945293,0,1,268.1456819075917,143.14568190759172,5.459367475476597,479.94318009716903,44.30898575297266,-0.41343422401171814,1.556031238497199,-0.2107188090133667,-0.2107188090133667,0.013022778573855432,8.806699504670945e-05,459.15702628276154
1524451270.97243,0,1,225.99473782667994,100.99473782667994,42.150944080911785,460.5750325467938,19.368147550375227,-0.41347291387773927,1.5559925486311779,-0.2874330122947693,-0.2874330122947693,0.040671076171239905,0.0008513206799480866,461.26129244145693
1524451270.999773,0,1,183.95277279593918,58.95277279593918,42.041965030740755,524.71450373456,64.13947118776622,-0.41349263429067956,1.5559728282182377,-0.22033260942459107,-0.22033260942459107,0.11260960518769933,0.006516400563450375,468.17029775345185
1524451271.027252,0,1,254.6275736554638,129.6275736554638,70.67480085952462,515.0501500261056,9.664353708454428,-0.4135168311172185,1.5559486313916988,-0.22033260942459107,-0.22033260942459107,0.12984281679146684,0.008297554748330493,470.08075757852953
1524451271.054632,0,1,274.13330628838213,149.13330628838213,19.505732632918324,464.3010557115015,50.74909431460412,-0.4134975612088363,1.555967901300081,-0.30656251311302185,-0.30656251311302185,0.07166184102657548,0.002572814715946503,466.51679929217914
1524451271.081333,0,1,218.90442512446532,93.90442512446532,55.22888116391681,452.76692886682576,11.534126844675711,-0.41347799862197177,1.5559874638869453,-0.2107188090133667,-0.2107188090133667,0.10971074682849305,0.00606532215474942,470.033740509449
1524451271.107747,0,1,214.79644591990726,89.79644591990726,4.107979204558063,470.70649382640903,17.939564959583265,-0.4134832278605891,1.555982234648328,-0.30656251311302185,-0.30656251311302185,0.06942611326526425,0.0024227279583398653,466.2413330422204
1524451271.134562,0,1,241.73408144307564,116.73408144307564,26.93763552316838,423.0716443309588,47.634849495450226,-0.41355125005244014,1.555914212456477,-0.22033260942459107,-0.22033260942459107,-0.0013620556784848467,9.441533320719842e-07,461.42274707465623
1524451271.16276,0,1,228.82039286989496,103.82039286989496,12.913688573180679,441.60289228021065,18.53124794925185,-0.4135161947321124,1.5559492677768048,-0.3353058143424988,-0.3353058143424988,-0.024645872549800905,0.0003181186021361526,458.7804442944883
1524451271.190553,0,1,208.89595524368175,83.89595524368175,19.924437626213205,459.96346722542825,18.360574945217593,-0.4135257310217069,1.5559397314872103,-0.1628460069656372,-0.1628460069656372,-0.05126932108313213,0.001395747340762643,457.4036251177208
1524451271.216909,0,1,267.7337714235044,142.73377142350438,58.837816179822624,448.52828811983676,11.435179105591487,-0.413599110369965,1.5558663521389522,-0.29694871270179746,-0.29694871270179746,-0.0441906015427579,0.001033436069328375,458.84990015146263
1524451271.24371,0,1,264.26912966805264,139.26912966805264,3.464641755451737,510.8064441485035,62.27815602866673,-0.4134190831960318,1.5560463793128854,-0.2778192118835449,-0.2778192118835449,0.02454155556889025,0.00032964551811831555,463.80451066272616
1524451271.268596,0,1,295.0079360326719,170.00793603267192,30.73880636461928,493.08051529790663,17.72592885059686,-0.41335552651116125,1.556109935997756,-0.18197550778388977,-0.18197550778388977,0.06899666552080534,0.0025908723885963436,468.6370620278072
1524451271.29358,0,1,222.5264659366553,97.52646593665531,72.48147009601661,467.7770900424335,25.303425255473144,-0.41337909422116165,1.5560863682877555,-0.2012031086063385,-0.2012031086063385,0.06370338819708982,0.00219441686605093,467.0193294971246
1524451271.318735,0,1,240.1492955414419,115.14929554144189,17.622829604786574,426.61345315664613,41.163636885787355,-0.4133400861870387,1.5561253763218785,-0.23946211024284364,-0.23946211024284364,0.02465569827739566,0.0003331479469305121,465.1709419153719
1524451271.346606,0,1,268.67146757278266,143.67146757278266,28.522172031340773,486.25999030898765,59.64653715234152,-0.41330090800135466,1.5561645545075624,-0.18197550778388977,-0.18197550778388977,-0.006525527705825488,2.347084507914321e-05,461.4303752297083
1524451271.374362,0,1,226.3854568761386,101.38545687613859,42.28601069664407,499.46415930778466,13.204168998797002,-0.4133984419137713,1.556067020595146,-0.3353058143424988,-0.3353058143424988,0.03385713425121986,0.0006204132500237103,466.59430175035305
1524451271.397819,0,1,207.8972386814264,82.89723868142639,18.488218194712204,489.20582631729025,10.25833299049441,-0.4134420859717024,1.556023376537215,-0.22033260942459107,-0.22033260942459107,0.031148837583767252,0.0005290439650573742,466.6646312908174
1524451271.424195,0,1,225.9758537758538,100.9758537758538,18.07861509442742,442.98368622987067,46.222140087419575,-0.4134075077400537,1.5560579547688635,-0.31617631352424624,-0.31617631352424624,0.022852780337290258,0.000286594320453748,464.4469473462642
1524451271.451102,0,1,245.29322464815883,120.29322464815883,19.31737087230502,457.91976346094,14.936077231069305,-0.4134820960753821,1.555983366433535,-0.2012031086063385,-0.2012031086063385,0.03713466456385371,0.0007946538822805049,465.52704706061456
1524451271.478019,0,1,250.81155465927876,125.81155465927876,5.518330011119929,489.6250493563926,31.70528589545262,-0.4135457572962935,1.5559197052126237,-0.2299464098358154,-0.2299464098358154,0.009739526903708131,5.622141729422214e-05,463.98969135319413
1524451271.505302,0,1,207.36348245493005,82.36348245493005,43.448072204348705,503.4294912088185,13.804441852425896,-0.4134718376211676,1.5559936248877495,-0.24907591065406798,-0.24907591065406798,0.003618674079305941,7.80193565008691e-06,463.86304562299944
1524451271.533704,0,1,236.43005643593878,111.43005643593878,29.06657398100873,460.18915356340386,43.24033764541463,-0.4134613600574743,1.5560041024514428,-0.19158930819511413,-0.19158930819511413,0.0821518175518829,0.004106840998151395,470.2593809140819
1524451271.562144,0,1,273.9729812348026,148.9729812348026,37.54292479886382,504.07819117662456,43.889037613220694,-0.41343632847012524,1.556029134038792,-0.17245980737686156,-0.17245980737686156,0.24707629630254524,0.03813858398983627,481.9223329050286
1524451271.587374,0,1,218.23381716465758,93.23381716465758,55.73916407014502,505.11139279462867,1.0332016180041137,-0.41341698985998476,1.5560484726489325,-0.2682054114723206,-0.2682054114723206,0.18332292626922328,0.02029103286194034,476.8738009886916
1524451271.613959,0,1,217.3519115274937,92.35191152749371,0.881905637163868,458.0469863456451,47.06440644898356,-0.413387590071315,1.5560778724376023,-0.2012031086063385,-0.2012031086063385,0.11208881939236963,0.00775760549896487,472.11330192621136
1524451271.64162,0,1,175.79676268861462,50.79676268861462,41.55514883887909,431.5908754575973,26.456110888047817,-0.4133671694972649,1.5560982930116523,-0.23946211024284364,-0.23946211024284364,0.07375473777523837,0.0034064105247713083,469.0855439021478
1524451271.667566,0,1,270.81061746856193,145.81061746856193,95.01385477994731,439.7470717557373,8.156196298140003,-0.413366241523648,1.5560992209852693,-0.23946211024284364,-0.23946211024284364,0.020269070959851546,0.00025453566897570834,464.88352330975954
1524451271.698076,0,1,261.427368875966,136.427368875966,9.383248592595919,485.830829573857,46.08375781811969,-0.41333172800061574,1.5561337345083015,-0.29694871270179746,-0.29694871270179746,-0.00581899243524636,2.0883243370906083e-05,463.5690104917776
1524451271.724341,0,1,278.4203350269734,153.42033502697342,16.99296615100741,466.537724689837,19.29310488402001,-0.4133117702733643,1.556153692235553,-0.2299464098358154,-0.2299464098358154,-0.021980109869404053,0.00029558276621721724,463.83832327586816
1524451271.752343,0,1,192.6538347559032,67.6538347559032,85.76650027107021,459.5445544733502,6.99317021648676,-0.4133464256468201,1.5561190368620972,-0.23946211024284364,-0.25868971106529237,0.020561480427966863,0.00026825405354291565,465.36748480888645
1524451271.778784,0,1,196.38242826037504,71.38242826037504,3.7285935044718315,500.57803864943895,41.033484176088734,-0.4133860194304041,1.556079443078513,-0.1628460069656372,-0.2299464098358154,0.07306629019895672,0.0032633448545271726,470.31416825296964
1524451271.804745,0,1,231.26096441372707,106.26096441372707,34.87853615335203,515.8462110682863,15.268172418847314,-0.41336573431286505,1.556099728196052,-0.2012031086063385,-0.2012031086063385,0.08086498473114047,0.003872432598161501,471.8444111935975
1524451271.831671,0,1,223.05346968704305,98.05346968704305,8.207494726684018,408.4018276973549,107.44438337093135,-0.41344888398312435,1.556016578525793,-0.24907591065406798,-0.24907591065406798,-0.011136978572598856,7.265638812004038e-05,464.7398888708645
1524451271.874503,0,1,229.24113270988266,104.24113270988266,6.187663022839615,448.7013176066161,40.29948990926118,-0.41350759158215217,1.555957870926765,-0.23946211024284364,-0.23946211024284364,-0.03319736167360782,0.000646481733723836,462.26790124170356
1524451271.903183,0,1,246.44041262340122,121.44041262340122,17.199279913518552,457.1840642799528,8.482746673336692,-0.4135024321092605,1.5559630303996568,-0.2778192118835449,-0.2778192118835449,-0.051764666857051014,0.0015978563278589155,462.322721147407
1524451271.930182,0,1,236.75283307161862,111.75283307161862,9.68757955178259,489.86181167908927,32.67774739913648,-0.41356581080158433,1.555899651707333,-0.2682054114723206,-0.2682054114723206,-0.06417083345886658,0.0024828111717626333,461.1886505136807
1524451271.957941,0,1,232.4699473268622,107.46994732686221,4.282885744756413,462.05969804593707,27.802113633152203,-0.4136148435937992,1.555850618915118,-0.2107188090133667,-0.2107188090133667,-0.08294113151210707,0.004122943764314102,458.8522361731285
1524451271.985411,0,1,271.5524002927244,146.55240029272443,39.08245296586222,411.8803461380414,50.17935190789569,-0.41357024084635374,1.5558952216625634,-0.29694871270179746,-0.24907591065406798,-0.06611148704094254,0.0026740218067601296,458.5062286641801
1524451272.011377,0,1,216.84278295209802,91.84278295209802,54.70961734062641,452.0419091860833,40.1615630480419,-0.4136240557680298,1.5558414067408874,-0.24907591065406798,-0.24907591065406798,0.007971712614326927,4.081680110157304e-05,464.3175705733964
1524451272.039625,0,1,191.0148413490468,66.0148413490468,25.827941603051215,466.2202927587867,14.17838357270341,-0.4136570898756573,1.5558083726332599,-0.22033260942459107,-0.19158930819511413,0.043558652545125615,0.0012171818263233547,467.88281400376707
1524451272.068848,0,1,239.96863141196218,114.96863141196218,48.953790062915374,478.2204882131304,12.000195454343725,-0.4136863518847604,1.5557791106241567,-0.2874330122947693,-0.2874330122947693,0.10577046121954244,0.006791872801799381,474.67162227689226
1524451272.098576,0,1,218.7619443409302,93.7619443409302,21.20668707103198,509.8004308842632,31.579942671132812,-0.41379376811450413,1.555671694394413,-0.2107188090133667,-0.2107188090133667,0.028210867793704675,0.0004653843483080067,466.8260065873594
1524451272.126596,0,1,221.92170924313783,96.92170924313783,3.159764902207627,382.6137456395186,127.18668524474464,-0.4137541033833781,1.5557113591255392,-0.19158930819511413,-0.19158930819511413,-0.02402045071014947,0.0003398533927407854,463.8371924820274
1524451272.153359,0,1,184.65182518938835,59.65182518938835,37.26988405374948,446.1874373962698,63.5736917567512,-0.4137005266092145,1.5557649358997026,-0.23946211024284364,-0.14371650614738465,-0.06279047033255869,0.002309333763368282,461.25023148642083
1524451272.209466,0,1,254.1094250205241,129.1094250205241,69.45759983113575,428.12962939762065,18.05780799864914,-0.4136912726872909,1.5557741898216264,-0.23946211024284364,-0.23946211024284364,-0.07793034462794025,0.0035582964863551947,460.12400768364614
